Date,Open,High,Low,Close,Volume
2016-01-01,852.67,860.67,848.37,859.47,1127733.0
2016-01-04,857.33,859.97,835.53,837.3,2767263.0
2016-01-05,841.87,846.0,835.0,837.93,2470134.0
2016-01-06,839.33,839.87,823.33,824.57,2728635.0
2016-01-07,818.77,818.9,800.0,804.27,4689760.0
2016-01-08,810.07,811.27,783.33,786.07,5356012.0
2016-01-11,774.67,789.93,763.37,782.23,4304283.0
2016-01-12,790.9,800.0,782.17,786.1,4095195.0
2016-01-13,796.0,796.0,752.07,771.17,5619939.0
2016-01-14,756.27,770.0,740.07,756.43,5099718.0
2016-01-15,759.93,761.0,733.33,738.6,3987867.0
2016-01-18,737.33,740.0,716.0,722.37,4166632.0
2016-01-19,722.87,755.0,712.73,748.63,4372536.0
2016-01-20,733.97,748.33,718.23,744.07,5856754.0
2016-01-21,753.33,758.4,727.4,735.13,3802062.0
2016-01-22,743.93,763.33,740.2,761.47,3694869.0
2016-01-25,767.33,771.9,739.27,742.77,2472816.0
2016-01-27,748.0,748.0,731.77,738.53,2618145.0
2016-01-28,734.0,735.67,713.33,716.33,5794726.0
2016-01-29,716.0,739.33,713.47,734.43,4848987.0
2016-02-01,750.0,772.63,740.07,748.03,7053951.0
2016-02-02,749.33,763.33,740.67,747.93,4505643.0
2016-02-03,737.87,746.67,728.2,739.2,3731595.0
2016-02-04,746.0,766.57,745.47,757.13,5956549.0
2016-02-05,761.2,768.0,751.03,759.93,4000879.0
2016-02-08,760.67,771.9,746.93,753.53,2539246.0
2016-02-09,743.33,751.97,734.93,742.8,2523124.0
2016-02-10,738.47,753.33,735.33,747.07,3203877.0
2016-02-11,745.8,750.17,719.33,728.27,4395021.0
2016-02-12,733.07,735.0,677.37,702.43,6160240.0
2016-02-15,714.87,769.8,709.7,766.27,5939226.0
2016-02-16,771.93,771.93,732.87,736.0,3548740.0
2016-02-17,737.07,755.8,721.43,748.3,3479412.0
2016-02-18,756.27,783.3,755.33,766.43,5457168.0
2016-02-19,764.1,779.27,754.27,767.0,3036894.0
2016-02-22,766.67,778.83,760.13,766.5,2054481.0
2016-02-23,770.17,770.67,750.07,753.43,2045679.0
2016-02-24,748.0,753.33,740.0,741.93,1816150.0
2016-02-25,745.33,746.67,721.33,724.3,2655282.0
2016-02-26,728.33,745.0,728.2,740.43,2277972.0
2016-02-29,742.67,749.0,702.03,717.33,5500993.0
2016-03-01,724.67,752.67,720.67,749.3,3647113.0
2016-03-02,762.0,767.27,755.47,758.6,3652203.0
2016-03-03,765.93,807.47,756.3,804.73,5552958.0
2016-03-04,810.0,815.97,791.33,795.47,3438969.0
2016-03-08,800.67,808.0,782.13,791.63,3022782.0
2016-03-09,788.27,813.33,785.33,808.57,3121141.0
2016-03-10,809.33,814.33,787.5,790.77,2932767.0
2016-03-11,792.63,801.33,780.87,790.43,2996377.0
2016-03-14,798.0,804.43,785.13,789.47,2726301.0
2016-03-15,792.47,798.57,783.7,787.17,2444158.0
2016-03-16,791.33,794.47,776.6,788.8,2704711.0
2016-03-17,798.67,803.33,789.63,795.5,3872653.0
2016-03-18,799.33,802.0,793.4,799.53,2566830.0
2016-03-21,800.67,821.7,796.23,818.77,3575446.0
2016-03-22,822.67,830.0,814.67,824.87,2979816.0
2016-03-23,826.67,832.67,820.2,828.37,2438136.0
2016-03-28,827.33,830.8,798.7,804.23,3717456.0
2016-03-29,805.33,810.7,793.33,795.97,2703178.0
2016-03-30,805.33,821.27,801.0,818.7,2874000.0
2016-03-31,817.3,820.0,807.67,811.13,4945963.0
2016-04-01,808.0,832.2,808.0,825.27,2539944.0
2016-04-04,826.6,833.33,814.4,823.9,1740162.0
2016-04-05,818.93,823.17,793.37,796.77,3151113.0
2016-04-06,799.4,810.0,788.33,807.9,2583834.0
2016-04-07,805.33,806.63,785.2,788.6,2707579.0
2016-04-08,789.33,798.0,787.33,794.83,1565038.0
2016-04-11,797.33,810.6,790.4,808.9,2529934.0
2016-04-12,810.0,823.27,804.7,814.93,2837052.0
2016-04-13,824.0,835.33,819.4,823.27,4955905.0
2016-04-18,822.07,837.97,806.03,835.33,2644515.0
2016-04-20,838.0,845.3,832.0,843.97,2522848.0
2016-04-21,846.47,850.0,830.7,834.63,1723543.0
2016-04-22,833.33,846.0,827.67,843.4,2008374.0
2016-04-25,846.67,851.73,838.07,843.67,2128689.0
2016-04-26,840.73,855.63,840.23,854.0,1877685.0
2016-04-27,854.0,859.17,847.37,850.97,1557685.0
2016-04-28,851.33,855.27,835.6,839.7,2789970.0
2016-04-29,840.1,844.07,830.33,836.4,1689373.0
2016-05-02,830.67,837.33,824.0,833.83,1344315.0
2016-05-03,837.33,855.43,830.0,834.27,2525149.0
2016-05-04,831.37,838.6,826.67,831.2,1644345.0
2016-05-05,829.67,855.0,829.47,849.23,2821255.0
2016-05-06,847.33,848.27,836.0,840.3,1610382.0
2016-05-09,842.67,864.6,842.13,863.03,2788513.0
2016-05-10,863.33,881.8,858.67,880.03,3676146.0
2016-05-11,866.57,889.33,863.33,885.17,4603557.0
2016-05-12,883.4,893.27,874.17,877.4,1553274.0
2016-05-13,873.33,876.67,853.63,857.67,2103742.0
2016-05-16,861.2,864.0,845.83,855.5,2410951.0
2016-05-17,859.33,872.67,856.43,860.73,2223565.0
2016-05-18,856.93,874.8,851.37,873.23,2603508.0
2016-05-19,869.33,872.0,840.03,844.07,2005083.0
2016-05-20,848.0,853.13,834.07,836.73,1672558.0
2016-05-23,842.43,843.9,825.33,827.47,2198760.0
2016-05-24,827.47,832.4,815.53,828.1,1858491.0
2016-05-25,840.0,865.77,834.03,861.07,3721570.0
2016-05-26,936.0,989.93,926.67,982.77,20691907.0
2016-05-27,982.67,991.57,968.0,983.27,5885740.0
2016-05-30,979.93,997.63,977.43,991.4,3487939.0
2016-05-31,990.8,991.4,978.13,982.37,3809605.0
2016-06-01,980.03,989.43,974.07,976.7,2486295.0
2016-06-02,973.33,988.47,961.1,984.83,3103587.0
2016-06-03,984.67,990.63,970.67,973.73,2250340.0
2016-06-06,975.2,982.23,974.03,978.8,1901931.0
2016-06-07,983.33,1000.0,974.2,991.93,3348535.0
2016-06-08,996.8,1009.8,993.43,1007.47,3325263.0
2016-06-09,1007.53,1009.13,991.4,994.3,1813729.0
2016-06-10,988.2,1003.33,984.2,991.8,2152996.0
2016-06-13,980.0,982.6,970.2,977.43,2209357.0
2016-06-14,978.67,982.17,970.07,973.7,1689316.0
2016-06-15,976.0,1011.33,975.67,1009.2,2960616.0
2016-06-16,1006.0,1006.0,985.33,996.13,2447025.0
2016-06-17,996.33,1001.9,981.93,986.83,2653944.0
2016-06-20,975.6,1006.67,973.53,1004.7,2975367.0
2016-06-21,1006.67,1007.27,993.67,996.53,1195078.0
2016-06-22,997.33,1002.0,986.8,994.37,1813926.0
2016-06-23,991.4,1005.3,982.27,999.07,2053992.0
2016-06-24,965.67,978.67,934.0,953.73,6840802.0
2016-06-27,952.63,979.6,952.0,977.83,2560092.0
2016-06-28,979.13,994.33,978.67,982.7,2342134.0
2016-06-29,990.8,995.33,984.83,988.8,2000545.0
2016-06-30,992.13,1003.27,989.93,997.67,3960568.0
2016-07-01,1003.2,1030.0,1000.47,1028.43,3497923.0
2016-07-04,1033.33,1051.33,1032.23,1045.4,2718052.0
2016-07-05,1044.2,1054.67,1034.67,1050.73,2636760.0
2016-07-07,1050.67,1054.63,1033.77,1036.33,2084571.0
2016-07-08,1036.63,1037.43,1014.7,1021.77,1915600.0
2016-07-11,1038.67,1047.47,1036.37,1039.87,1815517.0
2016-07-12,1045.2,1047.83,1031.3,1045.33,2383048.0
2016-07-13,1045.4,1046.53,1028.73,1034.27,2036055.0
2016-07-14,1039.3,1047.3,1028.67,1042.97,1909636.0
2016-07-15,1044.07,1063.33,1038.1,1057.23,2428458.0
2016-07-18,1058.67,1069.1,1043.33,1049.6,1855422.0
2016-07-19,1048.0,1055.67,1041.07,1048.53,1926168.0
2016-07-20,1048.67,1057.33,1045.7,1047.23,1790911.0
2016-07-21,1050.0,1050.0,1034.67,1038.37,1678212.0
2016-07-22,1040.07,1051.93,1035.03,1049.33,1877206.0
2016-07-25,1048.0,1059.2,1042.0,1057.27,2209774.0
2016-07-26,1059.0,1065.33,1054.07,1061.8,1729183.0
2016-07-27,1064.2,1076.67,1057.77,1068.1,2467012.0
2016-07-28,1069.33,1071.07,1040.93,1051.5,2811580.0
2016-07-29,1060.0,1062.3,1033.33,1039.23,4228011.0
2016-08-01,1039.37,1057.33,993.33,995.8,9155449.0
2016-08-02,997.33,1009.2,993.5,1002.23,2410914.0
2016-08-03,1005.33,1011.43,980.33,985.73,2619658.0
2016-08-04,997.33,997.33,973.6,979.43,2254336.0
2016-08-05,986.9,1011.17,985.33,1008.13,2805628.0
2016-08-08,1013.33,1016.43,998.07,1004.77,1403923.0
2016-08-09,1006.6,1006.67,991.6,1000.63,1865400.0
2016-08-10,1000.9,1002.67,984.23,988.8,1683261.0
2016-08-11,983.37,986.0,975.23,983.13,2240371.0
2016-08-12,986.0,1003.8,985.67,994.6,1659132.0
2016-08-16,995.97,1008.43,981.33,1004.23,2610843.0
2016-08-17,1002.5,1009.5,994.0,1001.67,1384653.0
2016-08-18,994.0,999.13,986.67,988.07,1780732.0
2016-08-19,992.0,998.0,986.43,996.23,1392250.0
2016-08-22,996.67,1002.67,986.0,995.1,1837995.0
2016-08-23,995.1,996.47,975.47,984.77,1273489.0
2016-08-24,983.33,992.3,976.7,982.33,1230627.0
2016-08-25,984.07,988.87,967.0,969.77,2616154.0
2016-08-26,970.0,973.3,946.93,951.47,2788650.0
2016-08-29,954.67,975.83,946.13,973.0,2094229.0
2016-08-30,978.67,985.2,971.9,983.77,2598309.0
2016-08-31,983.33,1011.97,980.2,1008.63,4152240.0
2016-09-01,1008.67,1011.7,1001.37,1004.73,1905766.0
2016-09-02,1004.73,1008.33,991.2,1003.37,1755505.0
2016-09-06,1008.13,1016.17,1002.1,1010.93,1960860.0
2016-09-07,1015.13,1027.63,1006.67,1012.17,2648263.0
2016-09-08,1017.03,1030.63,1014.1,1026.33,1692184.0
2016-09-09,1026.67,1027.4,1006.67,1011.8,2262933.0
2016-09-12,992.0,994.4,973.27,975.47,1953571.0
2016-09-14,975.47,988.0,970.73,983.53,1718754.0
2016-09-15,983.4,984.7,971.43,980.17,1126282.0
2016-09-16,984.73,999.33,979.0,982.13,2112271.0
2016-09-19,984.0,993.33,976.0,986.53,942540.0
2016-09-20,985.33,989.57,979.03,983.97,1097205.0
2016-09-21,986.67,991.93,977.53,981.4,1337071.0
2016-09-22,993.33,1002.67,984.67,999.97,1952950.0
2016-09-23,1003.33,1011.67,993.73,998.0,3121780.0
2016-09-26,994.67,1007.97,974.4,977.13,2122144.0
2016-09-27,980.03,984.2,954.3,957.6,2819209.0
2016-09-28,961.33,978.0,958.97,970.6,2393218.0
2016-09-29,974.4,979.33,946.97,958.4,3040345.0
2016-09-30,956.67,960.37,941.0,955.43,3497865.0
2016-10-03,958.7,983.17,956.8,980.47,2181718.0
2016-10-04,984.53,986.37,962.23,966.1,2289637.0
2016-10-05,973.33,974.6,960.77,969.3,2059848.0
2016-10-06,976.0,978.3,964.0,969.67,1627375.0
2016-10-07,968.67,973.27,960.67,971.3,1098751.0
2016-10-10,973.97,976.93,964.7,966.67,875911.0
2016-10-13,959.27,965.0,954.2,958.93,2659995.0
2016-10-14,962.67,984.93,959.07,983.23,2632323.0
2016-10-17,983.27,984.67,960.67,965.3,2140920.0
2016-10-18,971.8,994.6,967.37,992.17,1983013.0
2016-10-19,992.17,1000.67,984.03,994.03,2146896.0
2016-10-20,997.33,1005.0,988.37,1002.43,1502340.0
2016-10-21,1002.67,1009.4,995.4,1007.23,1670799.0
2016-10-24,1011.1,1013.33,991.2,995.1,1517035.0
2016-10-25,996.67,999.57,985.8,989.4,838206.0
2016-10-26,986.47,992.67,980.37,988.2,867619.0
2016-10-27,986.5,988.6,971.4,983.53,2440678.0
2016-10-28,980.67,989.93,975.33,987.13,1212981.0
2016-11-01,987.33,987.37,973.33,975.43,947158.0
2016-11-02,965.2,970.0,957.67,965.77,1493443.0
2016-11-03,961.43,977.77,961.33,962.8,1411942.0
2016-11-04,951.27,956.27,931.27,946.53,18639006.0
2016-11-07,950.0,954.47,928.23,932.0,2158653.0
2016-11-08,937.0,937.33,922.67,931.47,1881726.0
2016-11-09,880.0,939.4,863.4,926.97,4757398.0
2016-11-10,933.7,951.33,933.7,941.4,2766432.0
2016-11-11,931.27,939.33,924.0,925.87,2518285.0
2016-11-15,919.33,938.33,908.83,913.53,3958053.0
2016-11-16,924.87,925.53,900.67,917.03,3299710.0
2016-11-17,918.8,922.67,906.67,914.0,1377642.0
2016-11-18,914.67,921.57,907.33,913.63,1654947.0
2016-11-21,919.13,919.13,893.33,898.6,1962840.0
2016-11-22,905.5,906.67,869.67,886.37,3084870.0
2016-11-23,904.67,923.33,898.67,904.83,7493139.0
2016-11-24,902.6,910.6,893.33,899.77,4315369.0
2016-11-25,905.2,916.8,890.93,913.8,3065824.0
2016-11-28,913.63,914.8,900.0,904.63,1777818.0
2016-11-29,904.67,913.13,899.37,901.63,1741327.0
2016-11-30,910.0,927.5,900.0,921.83,4335631.0
2016-12-01,924.27,935.0,915.2,925.57,2151997.0
2016-12-02,918.67,919.73,906.0,907.9,1217827.0
2016-12-05,906.8,909.87,899.4,904.1,1062822.0
2016-12-06,905.43,916.0,905.2,908.1,1771909.0
2016-12-07,912.0,916.73,900.0,902.53,1557765.0
2016-12-08,910.1,917.17,907.87,911.3,1388842.0
2016-12-09,915.27,915.53,904.67,908.13,1211254.0
2016-12-12,906.67,916.6,904.07,909.97,1636279.0
2016-12-13,910.67,919.27,910.13,917.13,2168125.0
2016-12-14,921.27,921.27,904.73,906.63,1360938.0
2016-12-15,899.83,911.4,899.33,904.57,900523.0
2016-12-16,904.2,909.67,901.37,907.07,1577425.0
2016-12-19,905.0,906.0,894.37,896.63,1148169.0
2016-12-20,896.67,907.47,896.1,903.67,1177779.0
2016-12-21,905.47,907.03,893.33,894.67,950224.0
2016-12-22,893.83,896.0,874.7,876.43,1357563.0
2016-12-23,877.17,894.67,868.33,891.63,2136648.0
2016-12-26,890.4,896.67,878.9,891.73,1198728.0
2016-12-27,893.33,906.33,886.07,903.73,1222356.0
2016-12-28,904.67,908.83,897.33,899.97,1294264.0
2016-12-29,894.37,902.67,886.93,892.8,2010627.0
2016-12-30,896.67,903.67,896.0,899.4,1280979.0
2017-01-02,904.03,912.67,899.43,906.4,1476811.0
2017-01-03,906.67,916.67,901.47,911.47,1363398.0
2017-01-04,916.67,920.9,913.67,917.73,2144739.0
2017-01-05,921.5,930.0,918.67,928.2,2781498.0
2017-01-06,930.0,935.8,925.07,927.3,1462912.0
2017-01-09,928.0,931.97,917.8,920.43,819484.0
2017-01-10,920.17,930.0,918.37,925.0,1359729.0
2017-01-11,932.0,945.23,930.0,941.57,1514451.0
2017-01-12,943.27,969.53,942.67,966.23,2707455.0
2017-01-13,973.33,973.33,954.8,959.17,1400770.0
2017-01-16,956.67,966.67,954.87,961.87,1052802.0
2017-01-17,960.0,973.3,960.0,963.83,1423840.0
2017-01-18,964.0,979.33,964.0,968.3,1538178.0
2017-01-19,968.67,975.33,963.37,966.3,1019914.0
2017-01-20,966.3,969.27,940.67,943.17,2177485.0
2017-01-23,941.33,942.0,921.27,929.03,3534069.0
2017-01-24,932.17,949.33,932.0,946.53,1879687.0
2017-01-25,949.87,969.33,946.93,966.5,2294773.0
2017-01-27,967.37,980.17,955.57,959.93,1871125.0
2017-01-30,962.0,978.0,958.67,961.87,2601585.0
2017-01-31,960.0,970.0,951.33,964.17,1894153.0
2017-02-01,965.3,996.57,964.2,993.5,3577633.0
2017-02-02,994.4,996.0,980.2,984.33,2257914.0
2017-02-03,984.33,992.0,971.33,987.13,1650459.0
2017-02-06,990.0,1000.0,986.27,989.2,1526715.0
2017-02-07,986.8,1003.2,981.43,1000.2,2499546.0
2017-02-08,1003.2,1007.33,992.83,1004.57,1689792.0
2017-02-09,1005.33,1007.23,984.27,993.8,1529256.0
2017-02-10,996.83,1005.43,994.83,1001.3,1300986.0
2017-02-13,1003.7,1006.0,987.7,1000.1,930046.0
2017-02-14,1003.33,1004.63,990.67,995.07,926545.0
2017-02-15,995.13,1003.8,984.1,986.67,1952469.0
2017-02-16,989.27,990.0,974.03,980.17,2071947.0
2017-02-17,980.7,990.0,976.67,985.33,1028691.0
2017-02-20,988.57,994.67,983.37,988.43,1105371.0
2017-02-21,984.0,993.4,984.0,988.87,970615.0
2017-02-22,988.67,992.5,981.87,984.63,1291317.0
2017-02-23,986.67,1004.0,978.8,991.07,2175397.0
2017-02-27,996.47,1000.0,973.4,977.23,1553899.0
2017-02-28,981.33,991.97,977.43,979.47,1773558.0
2017-03-01,981.33,989.9,980.77,984.1,1219411.0
2017-03-02,988.03,996.9,980.0,982.63,1920216.0
2017-03-03,980.9,985.57,973.33,980.23,1205019.0
2017-03-06,978.67,992.67,978.67,990.4,821986.0
2017-03-07,989.33,994.37,986.3,990.93,991566.0
2017-03-08,989.6,996.33,979.23,984.2,1424362.0
2017-03-09,981.93,988.53,976.67,984.6,1111050.0
2017-03-10,987.27,998.33,986.7,994.4,1836264.0
2017-03-14,1011.33,1045.8,1011.33,1038.73,7224810.0
2017-03-15,1038.0,1040.0,1026.8,1032.6,2408866.0
2017-03-16,1039.33,1050.0,1038.67,1047.37,2396146.0
2017-03-17,1047.37,1048.6,1029.43,1035.03,1927983.0
2017-03-20,1036.0,1036.93,1023.5,1025.1,1442107.0
2017-03-21,1033.33,1043.07,1028.67,1032.7,2415213.0
2017-03-22,1025.23,1034.5,1016.93,1019.9,3371401.0
2017-03-23,1024.67,1038.93,1012.7,1029.27,2511771.0
2017-03-24,1032.0,1038.67,1027.67,1034.13,1347655.0
2017-03-27,1033.27,1036.67,1025.33,1029.27,1583550.0
2017-03-28,1032.0,1038.53,1027.4,1029.5,2628958.0
2017-03-29,1036.0,1045.07,1033.33,1037.7,2280357.0
2017-03-30,1042.0,1046.67,1034.83,1038.3,2288326.0
2017-03-31,1034.73,1062.43,1034.73,1049.93,3543100.0
2017-04-03,1054.6,1110.67,1051.07,1107.33,6576885.0
2017-04-05,1107.33,1133.3,1098.57,1130.97,5179798.0
2017-04-06,1123.33,1134.9,1112.67,1122.13,2740816.0
2017-04-07,1116.67,1146.63,1114.07,1123.67,4096639.0
2017-04-10,1125.33,1139.4,1108.67,1116.03,2406430.0
2017-04-11,1116.03,1139.33,1114.0,1136.6,1974126.0
2017-04-12,1130.0,1141.0,1117.53,1135.2,2135064.0
2017-04-13,1129.67,1129.67,1114.97,1119.03,1975483.0
2017-04-17,1120.0,1126.4,1113.93,1120.9,1135260.0
2017-04-18,1122.67,1132.63,1108.8,1113.0,1839489.0
2017-04-19,1113.33,1116.67,1107.9,1113.7,1158162.0
2017-04-20,1115.93,1124.4,1108.8,1120.8,1044189.0
2017-04-21,1130.0,1134.47,1120.0,1125.0,2415931.0
2017-04-24,1128.67,1157.6,1127.33,1155.13,3238530.0
2017-04-25,1160.0,1166.67,1157.33,1164.07,2879794.0
2017-04-26,1164.0,1176.0,1160.0,1167.53,2885722.0
2017-04-27,1165.23,1182.67,1162.67,1177.83,2126127.0
2017-04-28,1175.37,1177.17,1160.13,1166.53,1637739.0
2017-05-02,1166.73,1178.0,1150.0,1154.7,1861141.0
2017-05-03,1157.33,1163.5,1144.0,1146.8,1296282.0
2017-05-04,1149.33,1161.3,1148.0,1154.43,1255336.0
2017-05-05,1153.33,1154.07,1135.47,1149.6,1555141.0
2017-05-08,1152.0,1159.2,1136.73,1139.73,1246116.0
2017-05-09,1141.33,1171.3,1136.67,1163.1,1836462.0
2017-05-10,1169.8,1176.67,1154.07,1159.5,2010127.0
2017-05-11,1166.67,1169.67,1146.4,1157.9,1270446.0
2017-05-12,1158.3,1171.33,1151.07,1160.4,1803768.0
2017-05-15,1165.73,1167.7,1157.67,1161.6,1195701.0
2017-05-16,1164.67,1165.5,1151.7,1160.47,1654389.0
2017-05-17,1162.6,1176.0,1153.67,1170.3,2502879.0
2017-05-18,1159.77,1166.73,1144.27,1148.4,2155830.0
2017-05-19,1152.67,1156.0,1131.7,1149.7,2268141.0
2017-05-22,1155.33,1172.67,1152.67,1167.97,2839224.0
2017-05-23,1170.0,1176.6,1151.6,1160.5,1463805.0
2017-05-24,1161.4,1171.27,1118.4,1122.97,2173069.0
2017-05-25,1128.0,1183.33,1128.0,1179.23,5404771.0
2017-05-26,1180.0,1199.33,1169.23,1191.73,3066081.0
2017-05-29,1189.27,1206.63,1177.33,1188.27,3033658.0
2017-05-30,1210.67,1222.63,1169.33,1178.37,6550440.0
2017-05-31,1181.67,1190.0,1167.13,1173.8,3000732.0
2017-06-01,1173.33,1198.67,1165.33,1195.2,2898184.0
2017-06-02,1200.0,1203.33,1185.4,1189.33,1425321.0
2017-06-05,1196.67,1206.27,1189.0,1203.27,1906419.0
2017-06-06,1205.13,1205.37,1181.43,1183.43,1431069.0
2017-06-07,1182.67,1196.33,1182.0,1192.4,1327540.0
2017-06-08,1192.67,1199.33,1181.0,1182.83,1428979.0
2017-06-09,1184.67,1189.27,1174.4,1185.47,1632207.0
2017-06-12,1185.2,1185.33,1139.27,1157.73,4068957.0
2017-06-13,1163.03,1169.8,1157.7,1159.33,1412274.0
2017-06-14,1161.33,1180.9,1156.53,1176.3,2079657.0
2017-06-15,1171.43,1174.6,1153.33,1156.9,1481092.0
2017-06-16,1156.57,1167.33,1147.13,1151.13,2243152.0
2017-06-19,1157.33,1173.33,1154.8,1170.53,1781056.0
2017-06-20,1172.47,1179.3,1160.13,1167.0,1565472.0
2017-06-21,1172.33,1188.0,1167.33,1169.47,3556927.0
2017-06-22,1173.33,1177.07,1154.87,1157.6,1761759.0
2017-06-23,1160.0,1162.17,1146.0,1148.47,1716825.0
2017-06-27,1145.03,1158.63,1123.93,1134.47,2317045.0
2017-06-28,1132.57,1138.67,1120.9,1135.5,1578525.0
2017-06-29,1136.07,1148.77,1130.37,1135.77,2709552.0
2017-06-30,1132.67,1132.67,1107.53,1125.07,3251535.0
2017-07-03,1125.33,1140.33,1115.6,1124.83,2170096.0
2017-07-04,1133.33,1133.33,1114.0,1122.23,1640038.0
2017-07-05,1122.67,1132.67,1120.07,1130.2,1034440.0
2017-07-06,1132.8,1137.97,1126.87,1131.73,1417581.0
2017-07-07,1131.33,1145.27,1126.8,1136.27,1845099.0
2017-07-10,1141.33,1159.33,1141.33,1154.77,324259.0
2017-07-11,1159.6,1166.6,1153.33,1160.73,2123947.0
2017-07-12,1165.33,1171.13,1157.13,1159.7,2036904.0
2017-07-13,1165.1,1182.5,1160.0,1175.1,1643754.0
2017-07-14,1183.0,1183.0,1159.55,1171.2,1401864.0
2017-07-17,1178.0,1182.0,1162.4,1171.25,1646087.0
2017-07-18,1169.9,1187.0,1168.1,1177.9,2375324.0
2017-07-19,1184.0,1187.0,1170.1,1181.3,1827242.0
2017-07-20,1182.0,1194.45,1176.0,1185.65,1845852.0
2017-07-21,1190.0,1190.0,1170.2,1179.25,1912305.0
2017-07-24,1177.0,1182.65,1171.1,1178.0,1313657.0
2017-07-25,1178.0,1179.95,1165.5,1170.85,2182162.0
2017-07-26,1169.9,1184.0,1166.0,1180.25,1161591.0
2017-07-27,1180.8,1194.9,1173.0,1182.05,3881208.0
2017-07-28,1184.0,1190.4,1153.5,1161.4,3278658.0
2017-07-31,1193.7,1207.5,1180.1,1193.95,5000536.0
2017-08-01,1198.25,1198.25,1171.7,1190.05,2721660.0
2017-08-02,1191.0,1191.85,1172.5,1176.8,2154488.0
2017-08-03,1179.9,1184.65,1167.65,1174.75,1426006.0
2017-08-04,1174.0,1181.95,1169.7,1175.85,1082867.0
2017-08-07,1176.7,1184.6,1172.0,1179.95,1035670.0
2017-08-08,1180.0,1186.0,1164.0,1171.2,1531255.0
2017-08-09,1171.0,1171.0,1148.0,1153.9,1439328.0
2017-08-10,1151.0,1166.9,1140.0,1157.7,1713614.0
2017-08-11,1138.0,1144.05,1125.2,1131.95,2001103.0
2017-08-14,1143.25,1153.0,1119.0,1146.9,1866838.0
2017-08-16,1149.0,1152.4,1123.25,1142.25,2143899.0
2017-08-17,1145.0,1157.0,1131.05,1134.0,1508949.0
2017-08-18,1124.0,1137.65,1123.0,1130.6,1230709.0
2017-08-21,1133.45,1140.0,1124.6,1127.1,1651344.0
2017-08-22,1132.0,1135.0,1113.05,1117.7,1361351.0
2017-08-23,1120.0,1128.85,1114.4,1124.15,1710949.0
2017-08-24,1130.0,1135.8,1126.0,1131.7,1316100.0
2017-08-28,1134.7,1155.0,1128.8,1138.9,1884734.0
2017-08-29,1135.65,1138.75,1123.35,1130.05,1045267.0
2017-08-30,1140.0,1145.9,1133.0,1139.65,895791.0
2017-08-31,1144.0,1145.0,1130.5,1136.3,1926054.0
2017-09-01,1134.95,1144.4,1131.55,1139.2,976551.0
2017-09-04,1127.95,1138.95,1122.0,1130.65,1006945.0
2017-09-05,1131.15,1139.0,1122.3,1126.65,1110437.0
2017-09-06,1122.0,1126.1,1115.9,1117.6,891224.0
2017-09-07,1121.1,1130.95,1118.25,1129.1,1038623.0
2017-09-08,1137.5,1182.0,1134.05,1172.4,4947759.0
2017-09-11,1180.0,1225.0,1152.55,1217.85,4364705.0
2017-09-12,1219.5,1234.0,1219.5,1230.25,2451814.0
2017-09-13,1222.0,1229.0,1207.5,1223.35,2233311.0
2017-09-14,1223.55,1234.0,1211.5,1214.2,1440488.0
2017-09-15,1214.0,1221.65,1202.05,1212.4,1723247.0
2017-09-18,1218.55,1246.0,1218.55,1237.95,3005809.0
2017-09-19,1235.0,1237.8,1220.5,1225.9,900287.0
2017-09-20,1228.15,1250.5,1228.15,1235.95,2347635.0
2017-09-21,1236.9,1240.0,1208.75,1228.05,2216227.0
2017-09-22,1228.05,1229.15,1176.05,1184.8,2968531.0
2017-09-25,1187.0,1187.0,1145.0,1165.2,2720490.0
2017-09-26,1151.0,1170.0,1151.0,1162.9,1809036.0
2017-09-27,1172.9,1172.9,1131.5,1137.2,2317721.0
2017-09-28,1140.35,1143.7,1128.0,1133.35,3474398.0
2017-09-29,1139.95,1154.05,1131.05,1142.05,3193745.0
2017-10-03,1155.55,1157.75,1128.05,1134.9,1413186.0
2017-10-04,1135.0,1143.85,1133.35,1138.3,1155472.0
2017-10-05,1142.0,1145.8,1128.5,1132.05,1303081.0
2017-10-06,1135.0,1144.95,1135.0,1141.8,1814990.0
2017-10-09,1142.0,1158.25,1138.85,1140.95,1737288.0
2017-10-10,1154.0,1155.25,1138.25,1142.7,2347406.0
2017-10-11,1147.4,1151.5,1127.35,1133.85,1638071.0
2017-10-12,1142.0,1146.1,1134.25,1143.65,1151274.0
2017-10-13,1143.65,1150.0,1136.15,1138.65,1762307.0
2017-10-16,1143.0,1150.95,1140.65,1144.7,1189499.0
2017-10-17,1142.0,1155.0,1140.0,1148.75,1123634.0
2017-10-18,1150.0,1156.9,1138.1,1141.4,1263098.0
2017-10-19,1143.0,1147.05,1137.0,1139.75,264888.0
2017-10-23,1143.0,1152.0,1123.2,1135.75,1077546.0
2017-10-24,1139.0,1145.4,1126.1,1142.55,1281327.0
2017-10-25,1150.1,1215.0,1150.1,1204.2,6377478.0
2017-10-26,1209.95,1243.5,1209.15,1223.5,5486055.0
2017-10-27,1232.95,1242.0,1220.4,1224.65,2036609.0
2017-10-30,1228.0,1239.9,1224.15,1236.95,1808153.0
2017-10-31,1237.0,1238.2,1210.8,1222.3,1815888.0
2017-11-01,1226.1,1236.65,1213.3,1215.3,1929731.0
2017-11-02,1215.5,1216.0,1203.75,1210.95,1183382.0
2017-11-03,1211.0,1247.15,1211.0,1235.0,1797145.0
2017-11-06,1225.0,1241.5,1218.5,1224.7,1691967.0
2017-11-07,1225.55,1233.6,1203.1,1211.05,1658527.0
2017-11-08,1212.0,1225.0,1208.2,1218.2,1905789.0
2017-11-09,1220.15,1231.1,1205.9,1215.9,1733475.0
2017-11-10,1217.65,1274.95,1217.0,1264.95,5671395.0
2017-11-13,1229.8,1259.95,1208.2,1240.55,5216845.0
2017-11-14,1235.0,1238.0,1207.05,1210.2,2519826.0
2017-11-15,1210.5,1225.0,1206.05,1209.5,1801470.0
2017-11-16,1211.1,1223.9,1209.0,1219.3,2003168.0
2017-11-17,1230.0,1239.45,1215.0,1222.8,2261694.0
2017-11-20,1240.0,1248.0,1224.0,1229.8,2799314.0
2017-11-21,1235.5,1235.5,1212.25,1222.65,2192795.0
2017-11-22,1225.0,1232.0,1215.15,1222.7,2266995.0
2017-11-23,1222.0,1229.2,1211.3,1215.95,1654930.0
2017-11-24,1216.0,1224.0,1213.5,1218.5,1637839.0
2017-11-27,1215.0,1234.0,1215.0,1224.75,1464649.0
2017-11-28,1228.0,1228.0,1209.0,1211.7,4940494.0
2017-11-29,1215.45,1223.0,1212.0,1217.85,2046078.0
2017-11-30,1215.0,1223.9,1209.0,1216.55,3419336.0
2017-12-01,1216.15,1235.0,1208.0,1211.65,1772981.0
2017-12-04,1217.0,1225.1,1201.8,1217.5,1796642.0
2017-12-05,1214.5,1214.5,1191.35,1209.9,2139688.0
2017-12-06,1205.9,1212.0,1189.0,1191.25,1696890.0
2017-12-07,1196.0,1228.45,1196.0,1218.4,2476888.0
2017-12-08,1225.0,1227.0,1217.7,1220.35,2316890.0
2017-12-11,1224.0,1229.0,1215.25,1221.85,2227028.0
2017-12-12,1221.2,1221.5,1200.5,1202.9,2009798.0
2017-12-13,1204.5,1210.0,1185.0,1189.25,2262858.0
2017-12-14,1196.5,1200.0,1176.1,1188.8,1709762.0
2017-12-15,1202.0,1216.25,1201.0,1203.55,2161729.0
2017-12-18,1195.0,1224.0,1175.0,1217.9,2851823.0
2017-12-19,1222.0,1222.0,1213.35,1219.9,2878543.0
2017-12-20,1217.2,1240.45,1209.0,1232.5,3293207.0
2017-12-21,1239.0,1265.0,1237.0,1258.8,3664052.0
2017-12-22,1260.4,1270.0,1253.0,1266.15,2490561.0
2017-12-26,1271.8,1275.0,1257.3,1269.7,2493302.0
2017-12-27,1268.9,1275.95,1251.3,1257.85,1675081.0
2017-12-28,1257.5,1264.95,1249.45,1252.75,2850194.0
2017-12-29,1262.0,1270.0,1247.95,1258.25,1819413.0
2018-01-01,1261.0,1274.0,1255.9,1260.7,2048058.0
2018-01-02,1267.0,1269.9,1242.85,1249.75,1512324.0
2018-01-03,1255.9,1283.95,1251.5,1275.3,2720736.0
2018-01-04,1284.95,1320.0,1280.1,1315.7,4546456.0
2018-01-05,1325.0,1328.95,1308.0,1314.9,2418902.0
2018-01-08,1316.5,1345.95,1316.5,1338.25,3513256.0
2018-01-09,1340.0,1343.0,1326.4,1332.75,1703294.0
2018-01-10,1332.2,1336.5,1317.65,1323.75,1098019.0
2018-01-11,1320.2,1326.8,1313.05,1323.55,1232290.0
2018-01-12,1325.5,1332.3,1309.75,1329.15,1825056.0
2018-01-15,1334.85,1351.2,1323.6,1325.95,2386631.0
2018-01-16,1331.05,1339.65,1323.35,1326.2,3139385.0
2018-01-17,1323.0,1357.0,1320.25,1353.35,2724814.0
2018-01-18,1360.0,1385.0,1350.45,1360.8,4966982.0
2018-01-19,1362.0,1378.65,1353.5,1371.45,2127776.0
2018-01-22,1289.2,1403.65,1289.2,1398.85,3067658.0
2018-01-23,1406.0,1415.0,1393.1,1410.7,4804202.0
2018-01-24,1407.1,1409.8,1389.8,1401.2,2147973.0
2018-01-25,1392.0,1427.05,1392.0,1416.5,6113475.0
2018-01-29,1418.0,1441.65,1418.0,1431.95,2945415.0
2018-01-30,1429.95,1436.7,1406.75,1429.9,1988140.0
2018-01-31,1431.9,1439.7,1412.0,1416.5,2614515.0
2018-02-01,1458.9,1470.0,1405.2,1455.6,8187730.0
2018-02-02,1448.0,1448.0,1410.05,1415.45,3621563.0
2018-02-05,1380.0,1400.0,1355.1,1363.65,3060688.0
2018-02-06,1319.95,1372.35,1294.25,1353.05,4230633.0
2018-02-07,1370.0,1370.0,1330.0,1333.75,2927403.0
2018-02-08,1345.0,1359.5,1333.0,1347.4,1932082.0
2018-02-09,1324.8,1343.0,1318.1,1329.25,2029257.0
2018-02-12,1334.55,1355.0,1334.55,1350.5,1543603.0
2018-02-14,1354.7,1372.5,1345.6,1361.2,2310144.0
2018-02-15,1364.4,1370.0,1346.4,1350.35,1861841.0
2018-02-16,1358.0,1364.0,1320.45,1328.4,1424576.0
2018-02-19,1328.0,1330.95,1287.0,1295.5,4275673.0
2018-02-20,1300.0,1309.6,1287.25,1290.6,2063972.0
2018-02-21,1299.0,1299.6,1279.0,1282.8,1584305.0
2018-02-22,1278.0,1298.0,1276.0,1292.0,3028574.0
2018-02-23,1292.6,1305.0,1280.4,1301.7,2176017.0
2018-02-26,1306.0,1347.7,1306.0,1344.25,2239306.0
2018-02-27,1347.5,1355.8,1331.3,1338.1,2243499.0
2018-02-28,1328.0,1331.6,1310.6,1318.15,2439968.0
2018-03-01,1319.0,1332.9,1313.1,1315.2,1927606.0
2018-03-05,1312.7,1312.7,1297.95,1300.7,1302005.0
2018-03-06,1308.7,1318.9,1275.0,1283.4,2381856.0
2018-03-07,1284.0,1293.9,1260.0,1263.3,2156582.0
2018-03-08,1271.9,1289.8,1259.25,1283.8,3588828.0
2018-03-09,1285.2,1296.05,1280.0,1290.5,2508919.0
2018-03-12,1300.0,1312.0,1297.0,1310.05,2267260.0
2018-03-13,1311.4,1322.95,1294.05,1302.75,1915199.0
2018-03-14,1303.0,1313.0,1292.0,1303.25,1714051.0
2018-03-15,1304.9,1309.6,1292.1,1295.1,1178352.0
2018-03-16,1299.9,1303.9,1260.4,1269.3,5152611.0
2018-03-19,1280.0,1292.0,1265.85,1279.55,4452882.0
2018-03-20,1275.0,1300.0,1275.0,1293.5,2831066.0
2018-03-21,1295.0,1313.6,1295.0,1309.35,2835466.0
2018-03-22,1314.8,1321.4,1289.0,1296.25,1834024.0
2018-03-23,1278.6,1283.3,1261.5,1267.9,2280525.0
2018-03-26,1268.0,1300.1,1268.0,1297.4,1697069.0
2018-03-27,1307.0,1314.0,1301.0,1307.55,2003736.0
2018-03-28,1301.1,1325.0,1292.4,1310.9,3989865.0
2018-04-02,1313.0,1339.5,1312.05,1335.95,1302024.0
2018-04-03,1332.75,1339.0,1318.05,1330.4,1123582.0
2018-04-04,1331.0,1332.7,1290.2,1296.15,1285513.0
2018-04-05,1314.0,1335.05,1311.0,1328.8,1758313.0
2018-04-06,1305.2,1323.0,1305.2,1316.55,1492796.0
2018-04-09,1318.0,1333.0,1317.85,1327.9,1118116.0
2018-04-10,1328.0,1355.45,1328.0,1349.9,2177789.0
2018-04-11,1358.4,1359.4,1340.0,1352.75,1536552.0
2018-04-12,1356.3,1361.4,1345.55,1357.45,1695410.0
2018-04-13,1362.0,1364.35,1340.6,1354.85,1320241.0
2018-04-16,1347.9,1372.0,1346.15,1368.1,1304778.0
2018-04-17,1370.5,1377.9,1355.2,1359.55,1058589.0
2018-04-18,1363.1,1371.45,1351.0,1360.1,1459202.0
2018-04-19,1365.1,1388.1,1361.8,1385.0,2229317.0
2018-04-20,1385.0,1385.0,1359.0,1365.05,1091415.0
2018-04-23,1370.0,1378.0,1355.5,1360.0,1364935.0
2018-04-24,1355.7,1382.2,1352.0,1378.0,1002866.0
2018-04-25,1375.9,1376.75,1356.95,1362.9,1536003.0
2018-04-26,1365.5,1366.25,1330.1,1347.2,4513014.0
2018-04-27,1353.5,1383.0,1353.5,1377.75,1746280.0
2018-04-30,1381.3,1405.0,1381.3,1400.9,1309980.0
2018-05-02,1420.0,1423.75,1390.1,1403.15,3975516.0
2018-05-03,1405.7,1406.55,1374.6,1377.75,1278892.0
2018-05-04,1380.0,1386.75,1362.0,1368.7,1274703.0
2018-05-07,1374.0,1393.9,1366.3,1389.15,1250082.0
2018-05-08,1391.3,1393.0,1356.15,1364.9,1604486.0
2018-05-09,1362.2,1382.6,1361.25,1375.65,1270004.0
2018-05-10,1380.1,1385.2,1355.15,1362.2,1262157.0
2018-05-11,1367.5,1389.5,1364.3,1387.4,1033691.0
2018-05-14,1381.55,1399.0,1377.0,1381.75,1265158.0
2018-05-15,1381.0,1403.0,1368.9,1374.2,1824434.0
2018-05-16,1364.9,1374.05,1358.7,1362.35,1491335.0
2018-05-17,1368.0,1375.0,1350.0,1355.95,1833028.0
2018-05-18,1350.0,1360.6,1312.0,1315.55,2070654.0
2018-05-21,1311.0,1336.85,1311.0,1313.25,2047129.0
2018-05-22,1317.9,1340.9,1316.1,1320.15,1375132.0
2018-05-23,1317.0,1350.0,1315.0,1326.9,1851368.0
2018-05-24,1336.0,1347.5,1326.4,1338.05,1482329.0
2018-05-25,1340.95,1347.6,1331.75,1342.0,1696915.0
2018-05-28,1346.0,1384.95,1344.1,1376.45,2127978.0
2018-05-29,1393.7,1424.95,1375.4,1380.6,6814062.0
2018-05-30,1380.0,1380.0,1357.15,1365.65,2286366.0
2018-05-31,1370.95,1377.45,1356.0,1370.4,2930988.0
2018-06-01,1375.8,1396.0,1362.6,1372.4,2234018.0
2018-06-04,1375.95,1385.0,1354.0,1357.85,1346919.0
2018-06-05,1361.8,1361.8,1326.6,1333.75,1905926.0
2018-06-06,1331.0,1355.0,1331.0,1350.55,1581905.0
2018-06-07,1360.4,1366.0,1348.95,1355.15,2272271.0
2018-06-08,1349.05,1355.0,1331.1,1343.95,2483519.0
2018-06-11,1343.0,1355.0,1337.0,1343.25,1417401.0
2018-06-12,1348.0,1368.45,1344.6,1366.4,1853562.0
2018-06-13,1366.8,1368.25,1353.0,1358.75,1253808.0
2018-06-14,1354.0,1359.45,1340.0,1343.0,1325652.0
2018-06-15,1341.0,1343.0,1323.25,1329.9,2660969.0
2018-06-18,1331.25,1337.4,1321.05,1323.2,951701.0
2018-06-19,1318.85,1327.5,1307.05,1310.4,1607343.0
2018-06-20,1311.05,1319.2,1300.0,1306.75,2207289.0
2018-06-21,1310.0,1316.0,1286.0,1289.8,2161971.0
2018-06-22,1288.7,1305.0,1283.5,1299.85,3364048.0
2018-06-25,1301.0,1303.75,1264.25,1268.15,1622133.0
2018-06-26,1268.8,1283.5,1261.1,1270.05,2003243.0
2018-06-27,1273.0,1275.0,1229.0,1232.75,2332129.0
2018-06-28,1228.0,1240.0,1206.0,1234.95,4677061.0
2018-06-29,1235.95,1277.95,1233.05,1275.1,2324572.0
2018-07-02,1277.9,1277.95,1242.9,1255.95,3832519.0
2018-07-03,1259.25,1264.0,1246.05,1251.5,2096700.0
2018-07-04,1251.9,1261.4,1243.2,1259.5,1842579.0
2018-07-05,1265.0,1265.0,1245.6,1254.45,2006459.0
2018-07-06,1251.0,1278.25,1244.9,1266.3,2064484.0
2018-07-09,1271.8,1291.45,1263.2,1288.0,2021357.0
2018-07-10,1294.45,1298.0,1272.75,1284.6,1923397.0
2018-07-11,1283.55,1285.95,1271.6,1274.75,1326221.0
2018-07-12,1280.1,1304.5,1275.0,1299.75,2777124.0
2018-07-13,1307.0,1319.0,1287.25,1298.4,2360493.0
2018-07-16,1300.0,1301.15,1277.9,1283.1,1593400.0
2018-07-17,1285.05,1291.0,1268.8,1286.85,1598278.0
2018-07-18,1295.0,1308.0,1283.0,1292.15,1855985.0
2018-07-19,1294.3,1296.65,1253.0,1258.1,1468552.0
2018-07-20,1257.5,1289.0,1255.55,1270.35,1937969.0
2018-07-23,1270.5,1283.0,1262.2,1279.15,1229445.0
2018-07-24,1285.0,1328.0,1281.0,1324.0,4071039.0
2018-07-25,1331.45,1335.95,1313.65,1320.7,2254936.0
2018-07-26,1331.8,1346.9,1293.25,1305.95,7489743.0
2018-07-27,1313.7,1319.5,1300.5,1311.45,1785314.0
2018-07-30,1312.5,1316.5,1291.2,1295.35,3090391.0
2018-07-31,1299.95,1310.45,1285.0,1302.3,2304148.0
2018-08-01,1306.0,1308.85,1292.95,1298.0,1924210.0
2018-08-02,1294.4,1296.95,1280.0,1282.4,1415162.0
2018-08-03,1285.2,1297.7,1283.05,1290.0,1279748.0
2018-08-06,1294.0,1299.8,1285.8,1290.45,842106.0
2018-08-07,1296.7,1308.0,1292.35,1295.3,1458197.0
2018-08-08,1297.65,1308.8,1290.15,1298.25,1308818.0
2018-08-09,1299.95,1303.9,1282.75,1284.7,1035908.0
2018-08-10,1282.35,1295.4,1262.0,1264.65,1784956.0
2018-08-13,1264.5,1278.8,1252.0,1269.05,1627092.0
2018-08-14,1264.15,1266.7,1250.1,1253.25,2146242.0
2018-08-16,1247.9,1262.65,1226.0,1231.65,2292161.0
2018-08-17,1239.0,1247.8,1231.45,1240.15,1750983.0
2018-08-20,1300.0,1331.9,1282.0,1323.7,11227838.0
2018-08-21,1335.0,1335.0,1315.0,1322.55,3057182.0
2018-08-23,1329.2,1363.9,1318.7,1352.05,8248115.0
2018-08-24,1353.7,1363.0,1341.0,1342.9,3506532.0
2018-08-27,1355.0,1366.0,1345.4,1356.1,2595682.0
2018-08-28,1362.35,1366.0,1352.0,1355.6,1889337.0
2018-08-29,1356.8,1356.8,1344.7,1351.55,1435495.0
2018-08-30,1351.15,1362.9,1344.0,1346.55,2288925.0
2018-08-31,1348.95,1374.0,1348.95,1369.55,3549583.0
2018-09-03,1375.0,1390.0,1360.1,1363.0,2347852.0
2018-09-04,1365.0,1371.6,1354.1,1359.3,1517216.0
2018-09-05,1357.9,1363.9,1341.4,1348.0,2413590.0
2018-09-06,1349.8,1355.6,1338.8,1347.1,1586350.0
2018-09-07,1349.0,1357.0,1341.0,1347.5,1307928.0
2018-09-10,1347.75,1352.0,1335.0,1336.8,1228247.0
2018-09-11,1341.55,1347.75,1326.8,1329.65,1617176.0
2018-09-12,1335.0,1355.95,1320.5,1352.25,1319469.0
2018-09-14,1356.0,1367.2,1350.55,1358.85,1462192.0
2018-09-17,1351.55,1353.8,1339.6,1344.75,912431.0
2018-09-18,1343.8,1350.15,1325.25,1327.9,1501479.0
2018-09-19,1332.95,1343.0,1326.0,1332.9,867001.0
2018-09-21,1342.2,1352.45,1309.55,1329.7,2309530.0
2018-09-24,1333.3,1338.8,1302.3,1318.35,2425415.0
2018-09-25,1316.0,1332.7,1308.0,1319.05,2684511.0
2018-09-26,1329.0,1336.8,1309.0,1332.65,2846089.0
2018-09-27,1336.85,1337.0,1296.5,1309.9,3847372.0
2018-09-28,1314.5,1316.7,1250.15,1272.1,4301355.0
2018-10-01,1274.0,1274.0,1217.55,1248.1,4955435.0
2018-10-03,1247.1,1262.0,1226.65,1245.45,4302314.0
2018-10-04,1258.0,1292.9,1251.25,1257.9,7398229.0
2018-10-05,1258.0,1267.7,1215.85,1227.4,4206887.0
2018-10-08,1230.0,1244.0,1203.1,1215.35,3957900.0
2018-10-09,1222.8,1236.05,1215.45,1221.05,2559815.0
2018-10-10,1227.0,1265.9,1223.7,1250.65,4134413.0
2018-10-11,1230.0,1237.0,1220.1,1225.85,3942878.0
2018-10-12,1224.8,1245.0,1218.75,1235.25,2773440.0
2018-10-15,1230.0,1236.8,1208.4,1216.4,2945137.0
2018-10-16,1220.0,1228.95,1215.55,1224.65,2336499.0
2018-10-17,1236.65,1238.0,1208.7,1211.9,1746801.0
2018-10-19,1200.0,1211.9,1186.0,1206.05,2006965.0
2018-10-22,1214.0,1218.65,1200.1,1206.6,1452784.0
2018-10-23,1195.9,1209.05,1182.5,1200.7,2109820.0
2018-10-24,1211.2,1222.3,1204.1,1218.9,1484693.0
2018-10-25,1208.0,1212.05,1195.15,1201.55,3063065.0
2018-10-26,1200.6,1213.0,1191.3,1197.45,1101325.0
2018-10-29,1201.0,1264.5,1198.25,1261.3,2140956.0
2018-10-30,1258.4,1278.65,1248.25,1271.25,1957735.0
2018-10-31,1266.0,1304.0,1249.2,1297.5,3117499.0
2018-11-01,1337.45,1384.0,1321.6,1326.75,8903105.0
2018-11-02,1340.0,1369.85,1340.0,1358.2,2665756.0
2018-11-05,1358.3,1365.0,1343.55,1350.15,1457946.0
2018-11-06,1350.15,1369.8,1350.05,1363.85,1616734.0
2018-11-07,1370.0,1370.0,1363.65,1365.95,255086.0
2018-11-09,1365.95,1379.0,1360.0,1368.6,1247358.0
2018-11-12,1372.9,1384.5,1362.0,1367.2,2174698.0
2018-11-13,1364.0,1395.0,1358.2,1391.1,2068670.0
2018-11-14,1394.0,1398.0,1379.0,1384.7,1364551.0
2018-11-15,1388.0,1408.0,1386.1,1398.5,2890196.0
2018-11-16,1402.75,1414.0,1391.5,1399.05,1732865.0
2018-11-19,1400.0,1419.85,1395.05,1417.2,1932311.0
2018-11-20,1410.25,1423.1,1407.7,1413.1,1889461.0
2018-11-21,1410.0,1413.75,1393.25,1402.1,1320423.0
2018-11-22,1405.0,1419.5,1396.2,1410.15,1723570.0
2018-11-26,1410.2,1430.0,1410.2,1422.0,2630117.0
2018-11-27,1419.45,1434.0,1415.35,1431.6,1956946.0
2018-11-28,1431.6,1434.0,1399.0,1403.4,1390580.0
2018-11-29,1413.65,1435.5,1407.5,1422.45,2816724.0
2018-11-30,1425.15,1438.15,1410.0,1432.5,2018571.0
2018-12-03,1435.05,1439.95,1412.0,1427.5,1115862.0
2018-12-04,1423.05,1429.75,1415.0,1419.9,1061729.0
2018-12-05,1412.0,1419.0,1389.15,1394.8,1582751.0
2018-12-06,1387.8,1397.05,1372.05,1379.5,1574405.0
2018-12-07,1387.0,1404.0,1372.1,1399.9,1185686.0
2018-12-10,1374.7,1386.4,1358.2,1367.75,1657418.0
2018-12-11,1358.0,1369.85,1343.65,1361.4,2302505.0
2018-12-12,1368.6,1407.65,1365.5,1400.3,1751549.0
2018-12-13,1413.7,1429.0,1406.0,1426.45,1863210.0
2018-12-14,1423.45,1428.55,1405.05,1411.4,2189734.0
2018-12-17,1395.4,1424.4,1395.05,1408.0,1610515.0
2018-12-18,1405.0,1430.0,1405.0,1428.5,1568498.0
2018-12-19,1431.0,1438.0,1426.4,1434.75,2073536.0
2018-12-20,1430.6,1453.0,1423.25,1450.8,2782410.0
2018-12-21,1450.8,1459.7,1415.2,1420.0,1975704.0
2018-12-24,1427.6,1428.7,1400.0,1404.8,1390194.0
2018-12-26,1398.8,1432.0,1384.3,1422.65,1712084.0
2018-12-27,1429.2,1434.35,1408.5,1425.05,1872745.0
2018-12-28,1426.55,1448.0,1426.3,1439.4,1918767.0
2018-12-31,1445.0,1450.0,1431.2,1437.55,1487860.0
2019-01-01,1445.0,1445.0,1425.2,1441.9,786846.0
2019-01-02,1441.0,1444.9,1417.1,1425.5,2058504.0
2019-01-03,1426.0,1429.0,1391.0,1395.0,2290756.0
2019-01-04,1401.9,1407.6,1373.55,1388.05,2711485.0
2019-01-07,1397.0,1408.6,1379.05,1383.8,1851513.0
2019-01-08,1387.5,1393.85,1375.0,1382.2,1437271.0
2019-01-09,1389.5,1393.55,1372.0,1386.05,1413005.0
2019-01-10,1388.0,1398.9,1383.25,1392.6,1063647.0
2019-01-11,1393.0,1393.9,1361.05,1369.6,2489197.0
2019-01-14,1367.2,1367.2,1331.0,1333.9,3080984.0
2019-01-15,1340.0,1348.0,1330.0,1340.9,3079248.0
2019-01-16,1342.9,1361.5,1336.0,1342.15,2454470.0
2019-01-17,1345.1,1351.8,1336.95,1346.05,1610419.0
2019-01-18,1350.85,1352.0,1313.0,1317.9,2135781.0
2019-01-21,1279.0,1337.25,1273.45,1314.55,8813681.0
2019-01-22,1316.9,1321.5,1298.1,1301.15,2544978.0
2019-01-23,1301.0,1306.9,1293.55,1301.45,1821323.0
2019-01-24,1305.0,1305.55,1287.0,1295.35,1654706.0
2019-01-25,1300.0,1314.1,1281.5,1285.45,3136788.0
2019-01-28,1295.45,1337.9,1291.65,1300.45,8004136.0
2019-01-29,1304.0,1308.8,1268.2,1278.05,3685535.0
2019-01-30,1284.3,1309.0,1281.0,1294.45,2385425.0
2019-01-31,1304.0,1321.7,1296.55,1314.3,5852257.0
2019-02-01,1315.5,1334.55,1313.0,1324.6,2515736.0
2019-02-04,1326.85,1326.85,1302.6,1307.4,2308931.0
2019-02-05,1310.7,1323.0,1300.0,1304.6,1447400.0
2019-02-06,1308.0,1322.0,1293.05,1314.4,2034886.0
2019-02-07,1314.0,1320.85,1289.2,1296.05,1556295.0
2019-02-08,1295.0,1298.9,1255.55,1261.75,2993525.0
2019-02-11,1259.0,1259.0,1221.0,1246.5,2981408.0
2019-02-12,1244.5,1264.9,1241.55,1246.85,1571390.0
2019-02-14,1219.0,1231.75,1201.1,1227.6,6974738.0
2019-02-15,1244.0,1253.9,1230.9,1243.1,3620228.0
2019-02-18,1245.0,1259.55,1240.0,1244.5,2186849.0
2019-02-19,1245.0,1270.0,1245.0,1258.3,2389086.0
2019-02-20,1265.0,1282.65,1264.2,1276.55,2433082.0
2019-02-21,1282.0,1291.5,1265.1,1284.1,2392129.0
2019-02-22,1282.0,1283.4,1265.5,1280.35,2390188.0
2019-02-25,1280.35,1286.45,1264.0,1275.85,5873730.0
2019-02-26,1263.8,1275.0,1253.0,1265.85,2417931.0
2019-02-27,1270.55,1295.0,1268.0,1284.7,3555914.0
2019-02-28,1293.0,1302.95,1273.3,1292.95,9321535.0
2019-03-01,1300.3,1311.95,1297.25,1308.55,2831577.0
2019-03-05,1302.0,1310.4,1277.05,1305.8,3948051.0
2019-03-06,1310.5,1327.55,1310.5,1317.0,2776738.0
2019-03-07,1323.85,1357.3,1310.0,1352.4,6207580.0
2019-03-08,1350.0,1363.0,1337.0,1339.4,4868283.0
2019-03-11,1343.55,1351.0,1340.0,1346.55,2661353.0
2019-03-12,1355.0,1403.0,1355.0,1388.9,6631152.0
2019-03-13,1395.7,1397.55,1372.85,1378.6,2241672.0
2019-03-14,1384.7,1396.0,1377.0,1379.75,1838850.0
2019-03-15,1386.0,1410.8,1378.6,1396.5,5723980.0
2019-03-18,1397.0,1411.7,1370.35,1378.9,2450686.0
2019-03-19,1371.0,1374.95,1346.5,1357.95,4053209.0
2019-03-20,1362.0,1382.0,1361.0,1370.9,3871744.0
2019-03-22,1379.0,1415.0,1376.2,1394.7,3788604.0
2019-03-25,1387.0,1389.0,1370.1,1376.75,1666203.0
2019-03-26,1379.8,1388.8,1367.75,1372.8,2021089.0
2019-03-27,1379.0,1391.1,1363.15,1366.45,2558997.0
2019-03-28,1371.0,1392.5,1364.0,1386.7,3184285.0
2019-04-01,1390.1,1424.0,1390.1,1412.2,3842703.0
2019-04-02,1415.1,1426.95,1403.5,1409.75,2737093.0
2019-04-03,1409.4,1415.0,1375.0,1378.05,2366304.0
2019-04-04,1384.9,1393.9,1365.7,1368.7,1980318.0
2019-04-05,1373.75,1392.75,1370.3,1373.8,2037782.0
2019-04-08,1379.7,1386.8,1365.45,1373.65,1013017.0
2019-04-09,1375.9,1387.0,1366.0,1375.2,2209945.0
2019-04-10,1370.0,1382.0,1365.0,1371.55,2014958.0
2019-04-11,1371.65,1387.95,1371.65,1378.0,3110225.0
2019-04-12,1380.0,1381.85,1358.3,1360.9,2751659.0
2019-04-15,1365.0,1368.0,1354.0,1356.9,1933204.0
2019-04-16,1360.0,1390.9,1360.0,1381.4,3217456.0
2019-04-18,1387.0,1387.6,1357.4,1360.7,2594906.0
2019-04-22,1362.0,1370.9,1352.5,1360.15,3101477.0
2019-04-23,1361.7,1365.0,1336.6,1348.2,2016454.0
2019-04-24,1353.0,1363.45,1350.0,1360.65,1753395.0
2019-04-25,1366.85,1380.55,1352.15,1355.15,2886022.0
2019-04-26,1358.2,1367.0,1351.0,1358.2,1767153.0
2019-04-30,1365.0,1366.5,1340.0,1348.55,1905624.0
2019-05-02,1349.45,1376.5,1342.0,1358.75,1985540.0
2019-05-03,1362.0,1373.2,1360.0,1363.6,1239667.0
2019-05-06,1353.3,1364.85,1349.9,1352.7,1515052.0
2019-05-07,1357.4,1374.35,1350.0,1366.6,2596385.0
2019-05-08,1363.9,1371.0,1355.0,1360.35,1601700.0
2019-05-09,1357.0,1368.8,1337.6,1356.45,2464425.0
2019-05-10,1359.65,1362.5,1345.1,1355.5,1466154.0
2019-05-13,1345.0,1355.0,1312.0,1317.65,3422913.0
2019-05-14,1309.0,1347.65,1285.3,1341.8,3132767.0
2019-05-15,1347.5,1355.0,1320.5,1325.8,2054728.0
2019-05-16,1326.0,1348.0,1308.3,1337.15,2058450.0
2019-05-17,1335.0,1371.5,1332.55,1361.9,2776586.0
2019-05-20,1400.0,1455.0,1400.0,1451.45,6210427.0
2019-05-21,1455.0,1462.05,1437.85,1449.1,2961180.0
2019-05-22,1450.1,1473.4,1441.6,1461.1,3304912.0
2019-05-23,1476.2,1562.4,1466.0,1476.1,10485813.0
2019-05-24,1493.0,1549.2,1490.35,1544.15,5626500.0
2019-05-27,1543.7,1600.0,1532.1,1596.0,6730594.0
2019-05-28,1596.0,1607.0,1563.3,1574.5,4987068.0
2019-05-29,1570.2,1596.95,1546.2,1552.45,3070738.0
2019-05-30,1550.0,1569.35,1540.0,1558.6,2675199.0
2019-05-31,1569.95,1581.5,1534.8,1557.55,3945900.0
2019-06-03,1563.7,1570.0,1546.4,1559.4,2617068.0
2019-06-04,1561.0,1585.0,1558.0,1569.8,3854101.0
2019-06-06,1569.65,1571.8,1511.6,1515.9,3268594.0
2019-06-07,1518.55,1533.7,1495.5,1513.85,2572146.0
2019-06-10,1525.0,1542.0,1521.3,1532.1,1608705.0
2019-06-11,1540.2,1540.2,1522.0,1524.3,1745105.0
2019-06-12,1524.1,1525.9,1503.7,1509.25,1495586.0
2019-06-13,1509.0,1529.0,1504.6,1517.55,1828211.0
2019-06-14,1521.0,1539.9,1513.05,1526.3,1854211.0
2019-06-17,1530.0,1537.0,1495.25,1498.75,2048759.0
2019-06-18,1500.0,1519.95,1497.8,1505.3,2098714.0
2019-06-19,1513.95,1530.0,1497.0,1505.15,2140698.0
2019-06-20,1509.25,1563.0,1507.05,1557.1,3483179.0
2019-06-21,1560.0,1569.95,1530.0,1539.75,3028524.0
2019-06-24,1545.5,1563.45,1537.15,1541.0,1941777.0
2019-06-25,1545.8,1552.0,1521.1,1535.0,2384122.0
2019-06-26,1533.0,1563.75,1529.0,1551.2,2789166.0
2019-06-27,1560.0,1568.95,1540.65,1550.9,3763146.0
2019-06-28,1556.2,1573.9,1547.65,1553.2,3002811.0
2019-07-01,1563.45,1569.0,1552.25,1556.65,1537022.0
2019-07-02,1560.0,1565.95,1553.0,1563.85,1294135.0
2019-07-03,1565.0,1583.9,1560.2,1578.05,2800104.0
2019-07-04,1582.95,1590.6,1568.25,1571.7,1981745.0
2019-07-05,1581.0,1591.65,1545.55,1558.35,3693134.0
2019-07-08,1549.9,1551.25,1461.55,1490.35,4697122.0
2019-07-09,1486.6,1538.4,1485.35,1526.6,4329323.0
2019-07-10,1523.8,1529.6,1482.7,1499.55,2823544.0
2019-07-11,1512.0,1512.95,1490.1,1495.2,2156264.0
2019-07-12,1499.0,1499.0,1462.0,1466.85,3495971.0
2019-07-15,1471.0,1473.95,1431.9,1440.6,3950399.0
2019-07-16,1442.0,1464.0,1426.9,1461.2,3654380.0
2019-07-17,1461.0,1470.55,1452.0,1455.45,2225647.0
2019-07-18,1444.8,1454.95,1432.0,1435.2,2342881.0
2019-07-19,1446.4,1446.8,1402.1,1411.55,3199700.0
2019-07-22,1409.6,1419.0,1394.0,1403.7,2646126.0
2019-07-23,1414.8,1414.8,1386.2,1409.5,4013444.0
2019-07-24,1410.25,1420.2,1376.15,1387.35,5434450.0
2019-07-25,1395.1,1402.9,1369.0,1372.4,4181824.0
2019-07-26,1370.9,1397.25,1363.1,1392.15,3019850.0
2019-07-29,1393.45,1398.0,1360.5,1371.5,1987927.0
2019-07-30,1376.0,1393.15,1372.3,1376.35,2714475.0
2019-07-31,1371.65,1397.95,1367.1,1387.3,2693653.0
2019-08-01,1380.0,1386.0,1339.0,1358.05,2774996.0
2019-08-02,1352.6,1376.9,1340.0,1370.25,2776965.0
2019-08-05,1355.0,1358.8,1325.0,1345.8,2287548.0
2019-08-06,1342.7,1399.4,1340.05,1377.5,4152548.0
2019-08-07,1380.0,1389.9,1352.85,1360.05,2247223.0
2019-08-08,1370.0,1372.0,1340.1,1360.65,2788577.0
2019-08-09,1372.0,1392.5,1361.1,1364.6,2419380.0
2019-08-13,1370.0,1370.0,1307.0,1313.25,3135817.0
2019-08-14,1320.0,1340.95,1316.0,1333.7,2798429.0
2019-08-16,1335.0,1339.9,1320.5,1335.25,2654524.0
2019-08-19,1339.0,1360.95,1339.0,1352.2,2509331.0
2019-08-20,1352.95,1355.55,1334.0,1342.5,2145169.0
2019-08-21,1341.2,1341.9,1302.55,1310.65,2361165.0
2019-08-22,1302.0,1327.45,1283.15,1294.25,3780476.0
2019-08-23,1290.0,1297.45,1274.0,1286.5,5252370.0
2019-08-26,1310.0,1343.2,1276.55,1333.65,3759248.0
2019-08-27,1344.85,1379.95,1343.65,1356.95,5431422.0
2019-08-28,1362.1,1370.0,1336.1,1344.65,2272465.0
2019-08-29,1339.9,1355.0,1332.25,1342.45,2421312.0
2019-08-30,1344.95,1356.9,1302.9,1328.25,3715119.0
2019-09-03,1327.0,1327.0,1290.0,1294.4,3617815.0
2019-09-04,1296.0,1314.3,1292.4,1308.05,2786181.0
2019-09-05,1312.85,1338.0,1308.65,1320.3,2758679.0
2019-09-06,1328.45,1334.0,1320.35,1328.65,1694661.0
2019-09-09,1330.0,1361.8,1323.05,1357.0,3508361.0
2019-09-11,1364.0,1383.8,1356.0,1363.65,2545642.0
2019-09-12,1370.1,1379.75,1355.35,1362.4,2249695.0
2019-09-13,1362.0,1366.95,1344.1,1363.45,1771658.0
2019-09-16,1354.0,1356.95,1338.6,1343.6,1835805.0
2019-09-17,1344.0,1345.0,1310.2,1313.7,2210178.0
2019-09-18,1320.1,1328.4,1313.3,1318.0,2081625.0
2019-09-19,1320.0,1320.2,1298.0,1300.7,1808736.0
2019-09-20,1305.0,1416.45,1289.1,1411.5,9975807.0
2019-09-23,1452.0,1551.0,1451.0,1528.5,12082820.0
2019-09-24,1524.0,1524.0,1475.55,1481.3,3831602.0
2019-09-25,1480.9,1481.7,1446.65,1450.1,2746428.0
2019-09-26,1456.3,1495.0,1456.3,1489.85,3560962.0
2019-09-27,1484.05,1491.7,1462.0,1472.65,2167976.0
2019-09-30,1473.0,1484.0,1448.2,1474.25,2961398.0
2019-10-01,1480.0,1496.45,1439.15,1464.05,2578275.0
2019-10-03,1445.45,1475.5,1422.25,1458.05,1966976.0
2019-10-04,1463.8,1474.0,1420.1,1424.9,3266487.0
2019-10-07,1420.0,1429.0,1381.05,1397.85,2192329.0
2019-10-09,1401.0,1433.4,1399.1,1426.25,1818865.0
2019-10-10,1423.0,1432.0,1407.05,1425.1,1626821.0
2019-10-11,1431.0,1450.0,1420.2,1427.7,2024214.0
2019-10-14,1435.0,1439.9,1418.35,1423.95,2220364.0
2019-10-15,1429.1,1444.8,1420.65,1432.25,1797471.0
2019-10-16,1440.0,1441.8,1416.25,1424.2,2446615.0
2019-10-17,1428.0,1438.6,1420.2,1424.35,2304434.0
2019-10-18,1428.0,1457.0,1425.4,1447.8,3516394.0
2019-10-22,1448.5,1467.8,1439.15,1442.55,2858390.0
2019-10-23,1445.0,1448.9,1418.6,1431.8,2410781.0
2019-10-24,1460.0,1467.0,1426.35,1432.25,3646005.0
2019-10-25,1439.95,1441.7,1420.1,1425.0,2013793.0
2019-10-27,1436.7,1438.95,1428.85,1434.4,398258.0
2019-10-29,1435.5,1464.8,1431.0,1461.1,3351491.0
2019-10-30,1469.95,1491.95,1465.0,1474.25,3722066.0
2019-10-31,1481.0,1486.5,1467.25,1473.05,2210277.0
2019-11-01,1476.7,1481.05,1445.0,1449.4,2287220.0
2019-11-04,1457.8,1468.0,1450.0,1452.2,1459894.0
2019-11-05,1455.0,1459.6,1432.0,1439.8,2401916.0
2019-11-06,1440.0,1466.95,1437.75,1453.05,2434431.0
2019-11-07,1459.95,1459.95,1431.0,1435.05,1999085.0
2019-11-08,1429.95,1448.0,1420.0,1423.0,2217408.0
2019-11-11,1419.2,1430.75,1408.05,1417.0,2097492.0
2019-11-13,1418.45,1419.85,1389.05,1393.0,2929404.0
2019-11-14,1397.0,1405.95,1376.95,1380.45,3000518.0
2019-11-15,1383.6,1392.7,1366.2,1377.65,3409434.0
2019-11-18,1388.0,1393.8,1361.25,1364.5,2733161.0
2019-11-19,1364.5,1378.2,1361.5,1365.75,2396206.0
2019-11-20,1372.0,1393.35,1365.35,1380.8,3914075.0
2019-11-21,1405.0,1417.9,1385.0,1392.7,5719318.0
2019-11-22,1393.75,1398.95,1371.0,1378.65,2363205.0
2019-11-25,1378.5,1389.0,1371.1,1380.85,2956576.0
2019-11-26,1379.35,1380.0,1359.55,1363.0,4853977.0
2019-11-27,1365.0,1370.0,1314.15,1335.5,7904745.0
2019-11-28,1344.0,1354.0,1327.2,1349.9,4503913.0
2019-11-29,1350.0,1350.2,1328.0,1330.55,2515083.0
2019-12-02,1330.55,1342.9,1320.35,1333.35,3044008.0
2019-12-03,1333.45,1333.45,1310.0,1313.2,3068849.0
2019-12-04,1310.0,1312.0,1282.15,1285.1,10230371.0
2019-12-05,1294.0,1313.0,1285.15,1302.2,6644324.0
2019-12-06,1308.85,1309.0,1283.1,1290.8,3302384.0
2019-12-09,1294.0,1298.9,1271.8,1276.0,3038475.0
2019-12-10,1277.0,1284.0,1267.15,1279.0,2759100.0
2019-12-11,1282.95,1288.75,1255.0,1264.3,3949135.0
2019-12-12,1270.0,1282.85,1268.2,1279.7,3264836.0
2019-12-13,1287.95,1308.0,1285.3,1305.3,3655956.0
2019-12-16,1314.45,1318.0,1300.0,1303.0,3969819.0
2019-12-17,1309.2,1325.0,1303.8,1317.95,3719446.0
2019-12-18,1324.75,1325.95,1314.6,1319.35,2961222.0
2019-12-19,1316.75,1321.0,1307.1,1311.75,1936623.0
2019-12-20,1313.0,1327.9,1307.3,1311.55,3297390.0
2019-12-23,1307.9,1322.0,1305.0,1311.25,3394916.0
2019-12-24,1314.65,1319.0,1298.0,1301.0,1803814.0
2019-12-26,1299.65,1306.7,1277.0,1279.3,3723801.0
2019-12-27,1281.55,1301.85,1280.15,1299.6,2459664.0
2019-12-30,1301.9,1307.2,1296.5,1302.3,2072838.0
2019-12-31,1300.0,1310.0,1291.15,1298.2,3043254.0
2020-01-01,1308.4,1318.9,1303.0,1309.95,3123998.0
2020-01-02,1312.0,1348.0,1311.0,1345.3,4335359.0
2020-01-03,1344.95,1344.95,1330.15,1335.05,2059871.0
2020-01-06,1331.0,1332.0,1314.1,1316.75,2646905.0
2020-01-07,1328.0,1339.5,1313.75,1320.5,2077893.0
2020-01-08,1302.0,1308.7,1283.35,1291.55,4147568.0
2020-01-09,1311.0,1319.9,1305.1,1316.15,2067779.0
2020-01-10,1319.0,1335.95,1319.0,1324.6,2360798.0
2020-01-13,1329.0,1339.4,1328.7,1334.7,1825244.0
2020-01-14,1329.8,1331.0,1315.1,1326.1,2046500.0
2020-01-15,1325.6,1336.15,1320.0,1323.6,2127677.0
2020-01-16,1327.7,1332.9,1317.4,1319.3,1773135.0
2020-01-17,1320.6,1325.95,1302.0,1304.2,2941837.0
2020-01-20,1313.95,1319.9,1306.5,1309.6,2542477.0
2020-01-21,1304.75,1313.9,1300.45,1302.35,1361576.0
2020-01-22,1311.0,1312.0,1292.0,1294.2,2449753.0
2020-01-23,1307.0,1339.85,1306.0,1332.3,10056067.0
2020-01-24,1332.0,1367.85,1332.0,1359.2,5837319.0
2020-01-27,1340.0,1364.9,1340.0,1348.6,2510013.0
2020-01-28,1350.9,1355.0,1338.0,1346.65,2352852.0
2020-01-29,1353.1,1374.95,1352.1,1365.7,3678474.0
2020-01-30,1365.95,1376.8,1353.0,1370.2,2743506.0
2020-01-31,1375.95,1377.0,1360.45,1369.3,3939306.0
2020-02-03,1290.0,1303.9,1272.0,1286.65,5767353.0
2020-02-04,1296.0,1307.3,1287.55,1291.75,3604309.0
2020-02-05,1297.9,1325.0,1295.0,1310.05,4220104.0
2020-02-06,1322.9,1325.0,1309.05,1317.6,2354458.0
2020-02-07,1313.05,1314.4,1296.0,1299.0,3053804.0
2020-02-10,1300.0,1302.45,1273.1,1285.3,3039992.0
2020-02-11,1292.0,1298.95,1284.0,1286.9,2200796.0
2020-02-12,1289.1,1299.85,1280.0,1297.3,2568696.0
2020-02-13,1299.0,1299.85,1285.0,1292.25,1545536.0
2020-02-14,1295.0,1304.95,1290.6,1295.15,1780119.0
2020-02-17,1297.0,1297.85,1277.0,1280.2,2155085.0
2020-02-18,1281.5,1289.8,1266.45,1286.35,2347917.0
2020-02-19,1298.0,1299.0,1276.6,1281.4,1820353.0
2020-02-20,1279.9,1288.9,1275.3,1280.6,3034681.0
2020-02-24,1271.9,1271.9,1252.65,1259.7,3414064.0
2020-02-25,1262.2,1265.65,1240.15,1242.05,3133077.0
2020-02-26,1235.0,1238.0,1206.0,1211.15,5721483.0
2020-02-27,1212.35,1216.95,1200.0,1210.35,4003149.0
2020-02-28,1189.65,1196.45,1162.0,1187.55,6286647.0
2020-03-02,1205.0,1212.35,1150.55,1160.9,3177486.0
2020-03-03,1166.0,1186.8,1162.05,1181.3,3134527.0
2020-03-04,1185.0,1187.85,1158.0,1176.65,3135151.0
2020-03-05,1180.1,1187.25,1166.2,1182.45,2625152.0
2020-03-06,1148.0,1164.0,1130.85,1158.9,3956575.0
2020-03-09,1135.8,1135.8,1067.3,1101.95,8038295.0
2020-03-11,1090.0,1120.95,1085.8,1116.95,5628125.0
2020-03-12,1070.0,1070.05,1004.1,1016.55,9200130.0
2020-03-13,950.0,1060.45,890.0,1051.45,8117911.0
2020-03-16,1014.25,1042.0,961.9,968.7,6671806.0
2020-03-17,972.0,1005.0,940.15,956.75,4720207.0
2020-03-18,968.0,974.75,900.0,904.55,5586097.0
2020-03-19,873.9,884.0,837.7,843.1,7251950.0
2020-03-20,849.0,877.8,831.3,864.7,6130185.0
2020-03-23,809.0,809.95,706.0,724.05,7308612.0
2020-03-24,755.0,755.75,672.0,707.9,7110384.0
2020-03-25,697.2,775.0,661.0,765.75,16122446.0
2020-03-26,787.75,842.3,754.15,838.0,9028497.0
2020-03-27,867.9,890.0,812.0,837.05,6573448.0
2020-03-30,801.0,815.0,791.0,798.65,4474168.0
2020-03-31,820.0,823.0,791.2,808.5,8045468.0
2020-04-01,806.85,812.4,766.55,774.35,4104403.0
2020-04-03,791.1,791.1,762.8,774.65,4268480.0
2020-04-07,805.0,813.0,791.0,801.65,5768998.0
2020-04-08,804.0,832.0,797.7,807.1,6151091.0
2020-04-09,834.35,834.35,804.4,812.8,6410296.0
2020-04-13,812.8,872.4,807.95,865.45,9462711.0
2020-04-15,890.95,926.6,869.0,880.15,10435477.0
2020-04-16,875.95,919.8,870.15,911.65,6980512.0
2020-04-17,930.0,940.0,916.0,932.9,5827648.0
2020-04-20,940.8,943.0,911.0,915.6,4958362.0
2020-04-21,897.0,906.6,863.0,870.35,5122305.0
2020-04-22,873.0,885.5,850.0,852.6,6090168.0
2020-04-23,860.0,869.5,835.0,840.6,6321888.0
2020-04-24,838.0,869.0,834.15,851.2,7960368.0
2020-04-27,861.95,874.9,852.25,855.25,4224177.0
2020-04-28,863.8,867.7,852.1,857.15,3772704.0
2020-04-29,862.0,883.05,854.0,875.35,4837925.0
2020-04-30,890.2,916.8,884.1,897.55,6332497.0
2020-05-04,880.0,880.0,845.0,850.65,4678576.0
2020-05-05,861.0,869.8,835.0,836.9,4296433.0
2020-05-06,838.0,848.0,817.6,837.3,5081524.0
2020-05-07,833.0,836.05,820.1,822.85,3529134.0
2020-05-08,833.0,834.85,810.0,815.95,4394509.0
2020-05-11,821.2,827.5,816.35,821.6,2882920.0
2020-05-12,817.0,819.25,804.0,814.8,3024381.0
2020-05-13,863.7,871.95,850.5,862.9,8625444.0
2020-05-14,858.9,879.6,841.5,871.65,6778584.0
2020-05-15,881.95,885.0,854.0,864.4,5653901.0
2020-05-18,869.9,870.0,810.0,813.35,6211249.0
2020-05-19,827.1,833.8,791.7,796.35,5533176.0
2020-05-20,800.0,841.0,800.0,835.0,5949898.0
2020-05-21,835.95,845.0,818.1,820.5,4701930.0
2020-05-22,815.0,826.5,810.1,815.7,4607479.0
2020-05-26,821.9,842.7,821.0,825.55,4335209.0
2020-05-27,831.95,857.2,827.0,850.85,5159287.0
2020-05-28,855.0,912.0,855.0,905.5,11481079.0
2020-05-29,893.2,937.5,891.0,932.25,10166556.0
2020-06-01,944.65,974.15,924.0,928.15,7617144.0
2020-06-02,935.0,953.0,913.05,945.45,7325471.0
2020-06-03,955.95,972.85,955.0,961.3,4651554.0
2020-06-04,961.05,968.0,928.6,930.7,5355931.0
2020-06-05,940.0,959.9,936.6,955.25,6071040.0
2020-06-08,979.5,995.0,949.0,961.35,9858804.0
2020-06-09,964.5,970.25,949.7,953.3,5117749.0
2020-06-10,957.0,959.5,935.7,946.55,5175923.0
2020-06-11,944.0,952.0,928.2,930.45,3602957.0
2020-06-12,890.0,929.9,890.0,926.4,5411314.0
2020-06-15,921.8,929.45,894.1,899.9,4982324.0
2020-06-16,920.0,924.7,891.15,895.05,4661460.0
2020-06-17,892.7,899.75,881.1,884.8,4681085.0
2020-06-18,876.0,900.0,874.0,896.65,5869802.0
2020-06-19,902.0,915.9,895.1,898.2,5409996.0
2020-06-22,905.0,916.0,896.0,907.45,6839642.0
2020-06-23,910.0,970.0,909.0,967.6,14580218.0
2020-06-24,979.0,989.9,952.0,955.55,11985132.0
2020-06-25,949.9,964.8,936.25,943.1,7508087.0
2020-06-26,955.0,976.1,940.5,962.2,6554103.0
2020-06-29,950.0,956.1,930.0,936.6,4575801.0
2020-06-30,948.7,952.15,931.4,943.65,3656480.0
2020-07-01,941.0,941.0,917.0,924.3,6426017.0
2020-07-02,936.0,950.7,926.0,941.3,6542705.0
2020-07-03,948.0,955.4,941.6,944.25,3928063.0
2020-07-06,953.1,959.5,946.65,951.2,3900219.0
2020-07-07,955.0,961.9,940.0,943.6,4051767.0
2020-07-08,944.95,964.4,938.0,941.25,5227021.0
2020-07-09,945.0,952.0,940.0,944.95,3777760.0
2020-07-10,940.0,952.0,930.55,932.15,4537688.0
2020-07-13,940.0,944.8,925.0,928.15,3821300.0
2020-07-14,928.0,934.95,905.85,912.9,3646237.0
2020-07-15,918.05,925.0,909.3,912.2,3229770.0
2020-07-16,913.0,924.0,898.45,921.15,3134451.0
2020-07-17,922.1,929.95,918.0,925.55,2040517.0
2020-07-20,929.0,931.9,915.0,919.6,3035845.0
2020-07-21,927.0,942.3,920.6,938.05,4756570.0
2020-07-22,939.2,941.0,910.0,920.9,4977432.0
2020-07-23,912.0,937.95,911.35,916.55,9075059.0
2020-07-24,914.4,914.5,898.05,904.4,6059379.0
2020-07-27,908.0,915.0,896.3,903.8,3615970.0
2020-07-28,908.8,917.0,899.0,913.5,3793721.0
2020-07-29,919.6,940.85,917.25,921.95,7245021.0
2020-07-30,929.0,932.7,904.2,908.25,3364408.0
2020-07-31,913.9,922.9,907.05,913.45,2943858.0
2020-08-03,913.0,919.75,903.55,915.9,3583167.0
2020-08-04,918.0,930.0,916.6,924.25,3860346.0
2020-08-05,923.95,934.5,920.8,925.75,3007723.0
2020-08-06,926.05,933.7,920.25,922.15,2188023.0
2020-08-07,922.55,926.85,914.1,915.65,2461109.0
2020-08-10,925.0,970.0,925.0,960.05,11861641.0
2020-08-11,969.6,979.7,957.1,961.9,5427516.0
2020-08-12,952.0,956.0,945.0,949.75,3672458.0
2020-08-13,957.0,993.65,951.55,990.7,8816193.0
2020-08-14,999.95,1017.0,973.4,982.8,13443785.0
2020-08-17,1002.0,1007.0,987.7,1000.8,4735094.0
2020-08-18,1005.95,1008.0,995.4,1004.55,4362050.0
2020-08-19,1017.25,1024.95,1005.4,1009.1,4914223.0
2020-08-20,986.0,1005.0,981.0,995.75,4791040.0
2020-08-21,1010.0,1010.0,992.0,994.15,2806380.0
2020-08-24,996.0,1001.4,990.0,991.35,2026255.0
2020-08-25,993.0,999.9,977.8,980.4,2914757.0
2020-08-26,987.0,988.0,965.0,968.95,4482066.0
2020-08-27,975.25,980.0,965.3,975.6,4466609.0
2020-08-28,988.0,1004.7,978.2,981.85,7821191.0
2020-08-31,988.1,995.4,940.4,944.95,8489726.0
2020-09-01,964.95,966.0,943.3,955.2,5099949.0
2020-09-02,956.45,959.8,948.0,955.55,2107714.0
2020-09-03,960.0,971.0,953.3,961.15,3278899.0
2020-09-04,948.0,956.15,940.0,942.5,3130721.0
2020-09-07,947.15,950.75,916.25,932.15,3470806.0
2020-09-08,936.0,936.0,912.95,916.7,3738931.0
2020-09-09,907.55,928.0,901.0,909.5,5656245.0
2020-09-10,917.7,923.0,912.0,920.95,2948599.0
2020-09-11,920.0,921.55,912.0,917.4,2632298.0
2020-09-14,922.4,923.35,901.0,902.1,5006356.0
2020-09-15,910.0,915.2,900.0,909.95,4488829.0
2020-09-16,915.0,924.0,911.35,921.8,3596197.0
2020-09-17,915.0,917.95,905.05,906.3,4512652.0
2020-09-18,911.2,914.1,897.0,900.7,7496145.0
2020-09-21,901.0,903.8,874.3,881.85,4597697.0
2020-09-22,887.95,887.95,852.0,856.5,5089087.0
2020-09-23,866.2,873.7,854.55,860.6,3709291.0
2020-09-24,856.0,859.9,843.0,850.7,11609426.0
2020-09-25,860.1,895.4,852.0,889.25,4961967.0
2020-09-28,898.0,917.5,893.0,902.85,3853608.0
2020-09-29,909.95,912.85,892.4,895.45,3362381.0
2020-09-30,897.8,904.5,884.1,901.6,3582787.0
2020-10-01,909.95,913.6,900.7,902.8,2506154.0
2020-10-05,907.95,908.55,895.05,896.95,2788003.0
2020-10-06,901.05,904.55,888.25,892.6,3497325.0
2020-10-07,895.0,895.0,876.05,887.9,5073845.0
2020-10-08,890.3,894.0,879.05,881.05,3918217.0
2020-10-09,887.4,914.95,885.6,908.45,9668150.0
2020-10-12,916.95,925.75,902.05,905.75,6188905.0
2020-10-13,907.95,915.7,888.85,896.45,4548652.0
2020-10-14,897.0,917.0,887.2,915.2,5286914.0
2020-10-15,913.0,919.0,885.4,888.8,4927777.0
2020-10-16,894.0,903.5,889.5,894.1,2373435.0
2020-10-19,899.0,906.0,884.0,902.9,5800391.0
2020-10-20,919.0,935.5,913.0,917.3,13188572.0
2020-10-21,924.95,931.0,908.65,924.45,6390783.0
2020-10-22,922.0,939.0,920.15,936.3,6151367.0
2020-10-23,940.0,948.5,928.0,941.25,5102184.0
2020-10-26,949.85,959.25,943.0,951.75,6975809.0
2020-10-27,960.0,986.0,955.15,981.95,9638520.0
2020-10-28,989.95,994.65,974.2,982.85,7369181.0
2020-10-29,951.1,958.8,926.0,934.5,11852038.0
2020-10-30,941.0,946.8,924.2,929.5,4797473.0
2020-11-02,930.0,937.95,920.65,929.3,3682174.0
2020-11-03,944.9,952.9,932.5,947.75,4049112.0
2020-11-04,934.25,950.65,930.0,939.85,3369408.0
2020-11-05,952.0,959.8,944.3,958.1,2889134.0
2020-11-06,959.0,967.5,950.1,960.75,3419233.0
2020-11-09,971.0,974.6,962.4,965.85,3040456.0
2020-11-10,975.0,1036.9,971.6,1033.7,12149416.0
2020-11-11,1040.0,1062.8,1021.25,1059.45,10254627.0
2020-11-12,1054.9,1075.85,1052.45,1073.2,6743163.0
2020-11-13,1065.05,1068.15,1038.1,1051.5,5025096.0
2020-11-14,1060.05,1067.8,1054.0,1059.2,911852.0
2020-11-17,1063.0,1096.85,1061.05,1080.9,7611327.0
2020-11-18,1080.9,1154.25,1079.15,1148.15,13436421.0
2020-11-19,1125.05,1177.0,1107.7,1134.25,10841151.0
2020-11-20,1140.0,1161.0,1118.5,1132.3,7009257.0
2020-11-23,1138.8,1147.85,1122.85,1125.85,4998877.0
2020-11-24,1135.0,1144.0,1128.3,1135.5,4623887.0
2020-11-25,1141.5,1147.8,1112.45,1116.0,4651911.0
2020-11-26,1130.0,1134.95,1101.55,1118.85,7360928.0
2020-11-27,1129.0,1139.8,1092.0,1122.4,18995549.0
2020-12-01,1140.0,1140.0,1111.2,1115.95,3551604.0
2020-12-02,1120.05,1132.05,1104.1,1113.75,4434968.0
2020-12-03,1135.0,1137.45,1120.3,1125.15,4087608.0
2020-12-04,1130.0,1162.0,1128.75,1149.5,6542918.0
2020-12-07,1154.8,1171.9,1144.0,1169.7,5484461.0
2020-12-08,1174.95,1182.5,1148.05,1171.4,4982626.0
2020-12-09,1178.0,1185.0,1166.35,1181.0,4304573.0
2020-12-10,1182.0,1193.75,1170.05,1190.35,4921373.0
2020-12-11,1188.0,1216.8,1182.0,1194.3,6689415.0
2020-12-14,1198.1,1263.9,1198.1,1249.65,9723233.0
2020-12-15,1250.0,1252.0,1216.1,1246.25,6953407.0
2020-12-16,1256.25,1278.0,1247.05,1268.25,5729223.0
2020-12-17,1270.0,1284.0,1254.05,1278.8,5345257.0
2020-12-18,1283.95,1301.0,1270.0,1281.55,10315248.0
2020-12-21,1276.25,1338.5,1154.0,1234.85,21153346.0
2020-12-22,1235.25,1268.0,1213.55,1262.7,7998730.0
2020-12-23,1268.0,1271.3,1248.35,1264.8,4057070.0
2020-12-24,1275.0,1281.0,1253.5,1262.2,3277840.0
2020-12-28,1275.0,1291.0,1266.5,1289.4,3405825.0
2020-12-29,1294.95,1295.05,1267.7,1284.85,3778319.0
2020-12-30,1288.2,1296.35,1271.0,1292.05,2866392.0
2020-12-31,1293.0,1304.0,1282.0,1287.6,3889877.0
2021-01-01,1283.0,1299.95,1283.0,1297.0,2058419.0
2021-01-04,1305.0,1322.55,1302.0,1314.6,4014636.0
2021-01-05,1307.0,1313.0,1295.05,1306.3,2833637.0
2021-01-06,1308.0,1330.0,1300.0,1314.0,4615963.0
2021-01-07,1330.0,1346.8,1325.0,1338.95,4270598.0
2021-01-08,1349.8,1382.95,1347.0,1373.4,4984995.0
2021-01-11,1382.0,1384.95,1345.0,1350.0,3252470.0
2021-01-12,1354.0,1366.85,1344.05,1349.8,2836161.0
2021-01-13,1354.0,1373.0,1344.3,1352.5,4389762.0
2021-01-14,1358.0,1389.7,1356.25,1376.6,5168591.0
2021-01-15,1376.7,1384.5,1345.05,1354.15,2587576.0
2021-01-18,1345.2,1353.85,1326.15,1336.05,3185998.0
2021-01-19,1340.05,1382.0,1337.0,1369.85,3885798.0
2021-01-20,1369.0,1393.05,1362.55,1382.65,3957992.0
2021-01-21,1395.0,1396.0,1361.05,1371.3,2985423.0
2021-01-22,1362.0,1375.0,1348.5,1362.1,3282665.0
2021-01-25,1370.0,1396.4,1342.0,1361.3,4847989.0
2021-01-27,1368.8,1392.7,1330.1,1359.85,8896211.0
2021-01-28,1344.7,1365.1,1340.0,1345.35,2962948.0
2021-01-29,1362.0,1369.0,1325.1,1334.7,5130876.0
2021-02-01,1345.75,1462.0,1337.2,1448.85,11317043.0
2021-02-02,1474.0,1593.0,1474.0,1520.2,14349665.0
2021-02-03,1530.0,1558.0,1505.0,1528.55,6197782.0
2021-02-04,1525.0,1550.0,1510.0,1529.8,3957579.0
2021-02-05,1534.4,1547.0,1511.1,1516.5,3270494.0
2021-02-08,1521.15,1570.0,1520.0,1551.8,5223019.0
2021-02-09,1557.0,1574.5,1545.0,1566.45,3825206.0
2021-02-10,1560.0,1564.0,1528.7,1552.85,2578777.0
2021-02-11,1549.4,1559.9,1526.55,1530.5,2720190.0
2021-02-12,1535.0,1544.0,1516.1,1521.35,1867284.0
2021-02-15,1527.0,1544.0,1521.35,1537.65,1917477.0
2021-02-16,1540.0,1574.0,1539.0,1549.45,3838556.0
2021-02-17,1544.0,1567.0,1533.0,1548.35,2340184.0
2021-02-18,1542.2,1551.2,1515.15,1524.6,2446843.0
2021-02-19,1523.85,1547.0,1498.85,1508.8,3044240.0
2021-02-22,1510.9,1511.95,1447.1,1452.2,6168108.0
2021-02-23,1462.0,1498.0,1460.0,1486.3,3733776.0
2021-02-24,1486.7,1532.0,1486.7,1526.6,2380414.0
2021-02-25,1534.0,1540.6,1502.0,1506.45,3168105.0
2021-02-26,1482.0,1493.5,1435.15,1442.5,5579058.0
2021-03-01,1456.0,1486.0,1438.2,1472.85,2494481.0
2021-03-02,1479.3,1489.65,1458.15,1485.65,2089473.0
2021-03-03,1493.5,1510.0,1481.35,1496.9,2184001.0
2021-03-04,1473.0,1494.35,1458.0,1462.6,3530366.0
2021-03-05,1453.6,1477.2,1439.1,1463.55,3306902.0
2021-03-08,1478.0,1525.0,1470.0,1515.2,4150049.0
2021-03-09,1525.0,1532.3,1491.8,1508.3,3779948.0
2021-03-10,1523.0,1534.75,1507.5,1524.2,2210547.0
2021-03-12,1526.3,1565.0,1503.15,1514.0,4885349.0
2021-03-15,1520.0,1528.1,1463.3,1483.75,3181450.0
2021-03-16,1488.3,1497.0,1457.0,1461.8,3233903.0
2021-03-17,1476.0,1492.95,1431.75,1437.65,5178384.0
2021-03-18,1455.55,1469.7,1420.0,1428.1,3381940.0
2021-03-19,1415.0,1421.85,1378.6,1411.25,9920812.0
2021-03-22,1409.0,1417.4,1392.25,1400.05,2964175.0
2021-03-23,1401.9,1416.5,1398.1,1404.35,2564844.0
2021-03-24,1400.0,1407.0,1360.05,1369.15,4237815.0
2021-03-25,1361.0,1389.0,1361.0,1371.1,3894604.0
2021-03-26,1386.3,1408.0,1382.0,1398.3,3093766.0
2021-03-30,1408.0,1428.2,1395.55,1423.55,2801282.0
2021-03-31,1423.6,1431.6,1410.4,1418.9,2400871.0
2021-04-01,1432.0,1447.85,1420.5,1444.6,1380763.0
2021-04-05,1439.0,1439.0,1381.4,1403.8,2548649.0
2021-04-06,1405.9,1416.3,1393.3,1401.0,1824079.0
2021-04-07,1402.0,1417.2,1389.25,1404.15,1841308.0
2021-04-08,1410.0,1434.8,1410.0,1419.15,1644834.0
2021-04-09,1414.0,1417.0,1397.1,1404.1,2015002.0
2021-04-12,1393.95,1393.95,1332.0,1345.15,3755497.0
2021-04-13,1347.25,1382.0,1347.25,1373.7,2063654.0
2021-04-15,1378.95,1391.1,1358.1,1374.65,2625838.0
2021-04-16,1360.5,1393.3,1355.3,1359.15,3752588.0
2021-04-19,1340.0,1346.2,1306.0,1310.45,4157065.0
2021-04-20,1320.0,1339.45,1317.7,1331.5,2989204.0
2021-04-22,1310.0,1339.5,1307.25,1336.8,2398100.0
2021-04-23,1330.0,1344.65,1314.45,1322.9,2062964.0
2021-04-26,1330.05,1341.2,1323.0,1335.9,1431562.0
2021-04-27,1339.0,1388.45,1335.9,1380.65,4303909.0
2021-04-28,1384.85,1399.95,1372.5,1375.9,3220346.0
2021-04-29,1383.95,1389.55,1353.5,1358.65,2221346.0
2021-04-30,1350.0,1365.0,1336.1,1340.45,1968093.0
2021-05-03,1325.5,1351.3,1319.15,1342.5,1653245.0
2021-05-04,1350.0,1350.9,1331.0,1337.6,2029558.0
2021-05-05,1342.2,1346.75,1324.0,1338.65,1813150.0
2021-05-06,1344.0,1356.55,1335.75,1339.9,2333882.0
2021-05-07,1347.0,1359.9,1339.0,1342.7,2362325.0
2021-05-10,1347.0,1398.85,1347.0,1395.0,3929224.0
2021-05-11,1380.0,1399.9,1376.1,1383.6,1975828.0
2021-05-12,1380.0,1425.0,1377.0,1385.3,4283174.0
2021-05-14,1394.0,1423.9,1374.05,1415.5,4558155.0
2021-05-17,1433.0,1441.0,1368.2,1386.75,9620003.0
2021-05-18,1405.0,1422.0,1397.0,1417.3,3312380.0
2021-05-19,1414.0,1435.0,1400.0,1403.45,3215258.0
2021-05-20,1410.8,1426.95,1401.65,1409.75,1996254.0
2021-05-21,1415.0,1424.7,1407.1,1418.05,2185322.0
2021-05-24,1420.0,1458.0,1410.0,1443.25,5035538.0
2021-05-25,1460.0,1461.95,1442.1,1450.95,2892219.0
2021-05-26,1458.9,1476.6,1452.8,1472.9,3230579.0
2021-05-27,1475.95,1485.0,1461.75,1482.85,3747221.0
2021-05-28,1487.1,1499.65,1473.9,1478.1,2315923.0
2021-05-31,1472.3,1476.0,1457.55,1467.7,2405318.0
2021-06-01,1465.95,1492.5,1463.0,1474.65,2077742.0
2021-06-02,1468.3,1474.6,1455.05,1471.05,2469417.0
2021-06-03,1480.1,1515.0,1473.2,1510.85,3025466.0
2021-06-04,1518.95,1547.25,1516.9,1537.55,5677538.0
2021-06-07,1545.45,1569.5,1540.75,1557.8,3131245.0
2021-06-08,1561.0,1583.0,1546.05,1549.15,3945382.0
2021-06-09,1550.0,1555.0,1513.3,1519.3,3025732.0
2021-06-10,1525.0,1534.0,1515.0,1519.7,1584311.0
2021-06-11,1521.0,1527.15,1498.65,1503.45,1909384.0
2021-06-14,1503.45,1519.5,1478.0,1515.75,2005404.0
2021-06-15,1520.0,1523.7,1505.85,1510.8,1831871.0
2021-06-16,1505.85,1516.0,1488.0,1490.9,1504791.0
2021-06-17,1481.0,1499.85,1480.25,1487.55,1675778.0
2021-06-18,1487.55,1490.95,1460.1,1476.0,4649835.0
2021-06-21,1460.0,1469.4,1447.25,1467.05,1970012.0
2021-06-22,1470.1,1504.8,1469.55,1499.2,3862264.0
2021-06-23,1505.0,1507.0,1476.1,1479.25,1818874.0
2021-06-24,1490.0,1513.2,1482.0,1504.05,2762042.0
2021-06-25,1510.5,1529.3,1507.5,1523.85,2099002.0
2021-06-28,1526.0,1527.95,1510.35,1514.45,1173658.0
2021-06-29,1513.0,1529.8,1503.9,1510.9,2174022.0
2021-06-30,1516.0,1523.4,1495.5,1500.55,2139362.0
2021-07-01,1497.1,1503.0,1480.15,1492.3,2060651.0
2021-07-02,1500.0,1500.65,1475.5,1485.65,1814564.0
2021-07-05,1490.0,1514.0,1488.0,1507.95,1605396.0
2021-07-06,1506.0,1519.0,1500.0,1505.5,1072506.0
2021-07-07,1495.0,1519.7,1495.0,1516.45,1096808.0
2021-07-08,1503.0,1524.0,1497.0,1500.7,1456033.0
2021-07-09,1497.9,1502.85,1485.5,1499.6,1248405.0
2021-07-12,1504.4,1516.0,1491.6,1500.75,865284.0
2021-07-13,1515.0,1515.0,1501.35,1513.6,995833.0
2021-07-14,1513.55,1549.9,1508.0,1544.7,4010254.0
2021-07-15,1550.0,1625.0,1549.95,1609.35,9066480.0
2021-07-16,1609.35,1622.8,1595.1,1618.75,4157388.0
2021-07-19,1600.0,1639.4,1597.6,1609.6,3027093.0
2021-07-20,1609.85,1622.65,1582.0,1590.35,1847026.0
2021-07-22,1610.0,1647.15,1591.55,1642.15,3231269.0
2021-07-23,1644.0,1645.95,1606.85,1611.75,2259058.0
2021-07-26,1611.75,1627.3,1592.8,1597.6,2219416.0
2021-07-27,1610.15,1619.0,1584.25,1608.25,3984778.0
2021-07-28,1592.45,1601.3,1553.0,1594.2,4119892.0
2021-07-29,1594.0,1607.35,1586.0,1596.0,1672177.0
2021-07-30,1598.0,1624.9,1585.0,1601.45,2536568.0
2021-08-02,1606.3,1618.0,1602.05,1613.95,1083353.0
2021-08-03,1625.0,1638.7,1610.3,1634.35,1777140.0
2021-08-04,1640.0,1644.3,1613.6,1623.2,2067087.0
2021-08-05,1620.0,1632.85,1608.8,1627.4,1831728.0
2021-08-06,1627.0,1639.0,1608.3,1610.35,1192143.0
2021-08-09,1620.0,1624.0,1590.0,1597.45,1223794.0
2021-08-10,1606.0,1609.9,1572.0,1588.45,1429931.0
2021-08-11,1590.2,1597.9,1562.75,1583.3,1370930.0
2021-08-12,1590.0,1627.0,1582.0,1623.45,1645811.0
2021-08-13,1626.0,1676.8,1625.0,1668.4,5439442.0
2021-08-16,1674.0,1677.05,1653.35,1656.1,1794407.0
2021-08-17,1658.0,1665.0,1625.05,1638.75,1838525.0
2021-08-18,1647.0,1661.1,1627.1,1632.85,1570228.0
2021-08-20,1618.9,1623.0,1590.0,1593.6,2416059.0
2021-08-23,1600.1,1619.0,1567.9,1580.75,1973841.0
2021-08-24,1590.0,1613.35,1582.8,1605.8,1580003.0
2021-08-25,1614.95,1626.0,1590.0,1593.8,1795313.0
2021-08-26,1593.8,1602.95,1585.0,1595.75,2051262.0
2021-08-27,1604.0,1666.7,1598.05,1638.1,4903187.0
2021-08-30,1646.7,1684.95,1645.1,1660.1,3345934.0
2021-08-31,1660.05,1676.0,1645.0,1672.2,3264644.0
2021-09-01,1672.25,1718.0,1672.2,1686.4,3530101.0
2021-09-02,1687.9,1710.0,1682.0,1686.2,2400278.0
2021-09-03,1697.0,1704.3,1672.1,1691.5,2336258.0
2021-09-06,1700.0,1716.0,1690.2,1694.2,1850835.0
2021-09-07,1694.2,1705.0,1679.45,1681.7,1734879.0
2021-09-08,1682.0,1694.7,1658.0,1666.55,1644392.0
2021-09-09,1655.2,1680.6,1655.2,1670.05,1225239.0
2021-09-13,1662.05,1675.65,1660.5,1671.7,1578773.0
2021-09-14,1676.0,1698.8,1675.4,1696.45,1407269.0
2021-09-15,1700.0,1724.6,1697.0,1717.0,2757989.0
2021-09-16,1709.6,1728.5,1709.25,1721.25,2128381.0
2021-09-17,1724.0,1741.7,1706.1,1716.2,3473932.0
2021-09-20,1700.2,1735.0,1699.95,1704.35,1820374.0
2021-09-21,1698.6,1730.75,1692.4,1720.9,2029747.0
2021-09-22,1720.9,1730.0,1706.0,1710.9,1487933.0
2021-09-23,1718.3,1775.0,1715.05,1769.7,3702946.0
2021-09-24,1780.0,1810.0,1750.0,1768.75,3612494.0
2021-09-27,1772.0,1782.75,1737.0,1739.6,1650711.0
2021-09-28,1745.3,1759.05,1719.0,1737.15,1442615.0
2021-09-29,1732.0,1742.0,1716.6,1721.0,1698747.0
2021-09-30,1719.95,1734.25,1697.0,1702.95,1792078.0
2021-10-01,1697.5,1712.5,1687.5,1696.9,1563937.0
2021-10-04,1696.5,1723.95,1684.05,1715.25,1588493.0
2021-10-05,1714.5,1740.0,1706.0,1716.7,1705242.0
2021-10-06,1716.7,1735.9,1690.0,1695.05,1845661.0
2021-10-07,1710.0,1729.3,1700.0,1712.45,1378863.0
2021-10-08,1740.0,1741.0,1720.0,1726.9,1755402.0
2021-10-11,1733.75,1746.85,1715.0,1716.9,1528151.0
2021-10-12,1710.5,1725.55,1700.0,1718.2,1671988.0
2021-10-13,1727.0,1763.9,1724.05,1752.05,2105025.0
2021-10-14,1775.0,1817.9,1767.45,1789.3,4440909.0
2021-10-18,1807.15,1810.5,1782.0,1788.45,1918546.0
2021-10-19,1809.8,1885.0,1802.05,1846.05,6639827.0
2021-10-20,1855.0,1868.65,1796.3,1806.7,3295376.0
2021-10-21,1815.0,1826.5,1791.05,1805.75,2774633.0
2021-10-22,1816.0,1831.5,1781.35,1792.25,1520637.0
2021-10-25,1792.25,1812.8,1760.35,1784.15,2488386.0
2021-10-26,1785.0,1811.9,1781.55,1796.25,1930107.0
2021-10-27,1801.0,1814.0,1775.1,1784.55,1408879.0
2021-10-28,1799.55,1862.0,1791.0,1814.25,6379424.0
2021-10-29,1822.0,1824.9,1735.8,1766.65,3984689.0
2021-11-01,1776.0,1805.0,1751.2,1795.35,2316925.0
2021-11-02,1800.0,1824.45,1795.4,1815.65,1687119.0
2021-11-03,1818.0,1915.0,1818.0,1889.5,11580233.0
2021-11-04,1900.0,1920.85,1900.0,1908.95,764191.0
2021-11-08,1944.55,1953.9,1912.2,1924.55,3674523.0
2021-11-09,1933.5,1964.1,1930.3,1943.6,3550645.0
2021-11-10,1932.7,1954.0,1932.0,1950.15,3208195.0
2021-11-11,1947.85,1981.75,1925.65,1931.7,7061537.0
2021-11-12,1940.0,1965.0,1928.1,1959.95,2026320.0
2021-11-15,1961.25,1974.5,1943.0,1947.05,1127678.0
2021-11-16,1950.0,1979.95,1944.0,1955.3,2279531.0
2021-11-17,1949.0,1978.9,1943.55,1952.9,2166686.0
2021-11-18,1952.9,1954.0,1893.0,1897.0,1883794.0
2021-11-22,1898.25,1900.0,1837.85,1864.5,2407464.0
2021-11-23,1850.0,1895.6,1844.5,1886.35,2028470.0
2021-11-24,1894.0,1902.4,1845.95,1862.5,1361828.0
2021-11-25,1855.0,1866.85,1838.2,1849.9,1930012.0
2021-11-26,1820.0,1841.75,1768.6,1778.15,2796595.0
2021-11-29,1778.0,1790.05,1735.15,1767.25,2111420.0
2021-11-30,1767.25,1798.9,1751.3,1764.75,3385628.0
2021-12-01,1764.0,1794.0,1762.05,1786.0,1359786.0
2021-12-02,1785.95,1794.0,1763.0,1789.2,2813690.0
2021-12-03,1799.95,1844.8,1796.55,1801.25,3612772.0
2021-12-06,1799.0,1821.0,1778.0,1782.65,1566109.0
2021-12-07,1790.2,1810.0,1772.1,1798.1,2097201.0
2021-12-08,1802.0,1841.0,1802.0,1825.05,3433206.0
2021-12-09,1835.0,1884.15,1827.95,1879.8,3791595.0
2021-12-10,1879.8,1890.85,1861.05,1873.4,1771926.0
2021-12-13,1893.7,1896.25,1855.05,1861.5,1857829.0
2021-12-14,1850.0,1874.0,1846.2,1865.7,1685243.0
2021-12-15,1866.0,1898.75,1863.65,1880.8,2176709.0
2021-12-16,1892.0,1908.0,1866.3,1873.9,2469902.0
2021-12-17,1866.5,1874.7,1831.7,1847.1,2352938.0
2021-12-20,1821.0,1829.65,1771.5,1799.35,2488158.0
2021-12-21,1817.9,1852.2,1812.5,1827.55,2077840.0
2021-12-22,1827.55,1879.55,1827.55,1871.0,1692505.0
2021-12-23,1883.0,1887.85,1862.1,1878.45,1677127.0
2021-12-24,1888.75,1888.75,1850.0,1859.4,1203991.0
2021-12-27,1859.4,1875.65,1845.8,1866.2,1139744.0
2021-12-28,1872.1,1909.0,1872.1,1899.5,1916098.0
2021-12-29,1895.0,1908.95,1890.05,1894.85,1287946.0
2021-12-30,1892.3,1901.7,1880.9,1885.7,1805349.0
2021-12-31,1887.35,1907.1,1887.3,1895.9,1145546.0
2022-01-03,1895.0,1937.45,1893.65,1922.85,1906676.0
2022-01-04,1922.85,1943.0,1914.55,1937.55,1643920.0
2022-01-05,1940.7,1951.0,1927.65,1948.6,1711667.0
2022-01-06,1944.5,1953.0,1919.6,1924.5,1372015.0
2022-01-07,1929.05,1934.95,1897.15,1904.9,1447123.0
2022-01-10,1910.0,1959.95,1907.25,1953.1,2397846.0
2022-01-11,1949.0,1970.0,1937.65,1961.15,2232435.0
2022-01-12,1978.5,1984.0,1960.3,1974.2,1585970.0
2022-01-13,1975.55,2029.0,1975.55,2018.4,2373324.0
2022-01-14,2014.0,2049.95,2007.0,2044.75,3124945.0
2022-01-17,2044.75,2071.95,2042.0,2069.4,1858651.0
2022-01-18,2075.65,2078.55,2010.55,2022.2,1460676.0
2022-01-19,2019.9,2027.0,1987.0,2020.9,2336679.0
2022-01-20,2020.0,2035.0,1984.1,2003.5,2031107.0
2022-01-21,1982.15,1994.8,1943.05,1956.05,2209132.0
2022-01-24,1955.0,1959.0,1881.55,1899.9,2307120.0
2022-01-25,1895.0,1931.3,1850.1,1925.3,2998042.0
2022-01-27,1914.55,1922.0,1867.0,1910.85,2932713.0
2022-01-28,1916.1,1948.0,1891.3,1897.55,2233620.0
2022-01-31,1890.2,1924.0,1850.45,1909.2,3161064.0
2022-02-01,1928.65,1999.9,1917.0,1990.5,5392787.0
2022-02-02,1995.1,2008.0,1970.6,1982.7,3579380.0
2022-02-03,1981.5,1985.0,1930.0,1933.65,2262217.0
2022-02-04,1948.0,1957.8,1923.3,1947.95,1440816.0
2022-02-07,1932.5,1947.5,1874.55,1884.5,2641464.0
2022-02-08,1890.0,1896.95,1848.0,1875.6,2040523.0
2022-02-09,1884.5,1899.9,1875.6,1888.8,1390810.0
2022-02-10,1892.0,1911.0,1881.0,1901.0,1288856.0
2022-02-11,1889.0,1889.0,1850.0,1871.25,1744894.0
2022-02-14,1843.25,1846.95,1795.0,1799.0,2290199.0
2022-02-15,1810.0,1882.0,1806.15,1876.05,2602134.0
2022-02-16,1876.05,1887.3,1842.15,1860.7,1898439.0
2022-02-17,1869.0,1884.9,1854.1,1868.7,1459905.0
2022-02-18,1870.0,1896.0,1865.15,1883.1,1912482.0
2022-02-21,1874.95,1883.9,1848.85,1863.95,1262585.0
2022-02-22,1813.0,1855.0,1800.5,1844.45,2288298.0
2022-02-23,1849.0,1852.0,1816.15,1820.3,1583872.0
2022-02-24,1783.25,1800.0,1751.0,1757.35,3616355.0
2022-02-25,1782.0,1798.7,1765.0,1777.05,2476882.0
2022-02-28,1764.9,1822.25,1752.8,1816.75,2553662.0
2022-03-02,1800.0,1826.95,1768.5,1784.5,3152628.0
2022-03-03,1810.0,1813.55,1745.55,1752.3,2259979.0
2022-03-04,1740.0,1754.05,1703.0,1711.75,3906819.0
2022-03-07,1658.25,1666.8,1605.55,1634.45,6318251.0
2022-03-08,1627.9,1666.0,1595.0,1658.5,4421730.0
2022-03-09,1676.5,1699.8,1650.05,1690.95,3306502.0
2022-03-10,1740.0,1758.0,1707.0,1728.2,2776325.0
2022-03-11,1720.0,1735.45,1705.8,1728.65,1577597.0
2022-03-14,1735.0,1754.0,1715.5,1746.75,1558334.0
2022-03-15,1748.0,1765.0,1726.6,1743.45,2062332.0
2022-03-16,1761.0,1770.65,1746.2,1756.2,2101909.0
2022-03-17,1781.15,1804.6,1768.45,1787.9,3383036.0
2022-03-21,1805.0,1805.0,1745.0,1756.3,2301462.0
2022-03-22,1756.3,1777.0,1721.15,1774.05,3986030.0
2022-03-23,1780.0,1791.55,1759.15,1767.25,1574226.0
2022-03-24,1755.0,1779.7,1751.0,1771.55,1580887.0
2022-03-25,1775.6,1777.9,1739.0,1751.1,1483897.0
2022-03-28,1752.0,1755.0,1725.1,1741.6,1799629.0
2022-03-29,1748.7,1754.1,1733.0,1746.65,2071779.0
2022-03-30,1766.9,1777.05,1754.1,1773.6,1712835.0
2022-03-31,1779.95,1781.35,1758.0,1767.65,1401916.0
2022-04-01,1759.0,1794.0,1759.0,1790.1,2050573.0
2022-04-04,1784.0,1829.85,1776.6,1826.35,1955281.0
2022-04-05,1840.0,1845.0,1827.0,1836.05,1718581.0
2022-04-06,1833.0,1858.0,1827.7,1852.8,2245496.0
2022-04-07,1849.9,1855.85,1810.15,1826.3,2003954.0
2022-04-08,1835.4,1838.9,1818.05,1830.75,1903321.0
2022-04-11,1820.25,1829.75,1779.0,1781.5,2262446.0
2022-04-12,1780.0,1781.5,1733.6,1747.7,4215141.0
2022-04-13,1754.2,1772.85,1747.1,1760.8,1673417.0
2022-04-18,1746.3,1749.95,1715.0,1738.35,1808707.0
2022-04-19,1748.3,1760.75,1687.0,1705.75,2737766.0
2022-04-20,1709.95,1712.4,1671.35,1691.6,3832617.0
2022-04-21,1702.95,1725.8,1700.0,1714.5,1797489.0
2022-04-22,1701.0,1716.4,1690.4,1694.35,1474689.0
2022-04-25,1675.0,1675.0,1652.0,1657.35,1964344.0
2022-04-26,1680.0,1703.1,1664.0,1699.95,2440990.0
2022-04-27,1675.0,1691.6,1666.7,1677.05,1346726.0
2022-04-28,1690.0,1731.0,1680.0,1719.25,3117433.0
2022-04-29,1731.0,1739.0,1687.15,1694.35,2404830.0
2022-05-02,1668.6,1685.95,1655.05,1679.45,1399802.0
2022-05-04,1679.5,1681.9,1625.05,1633.95,1777673.0
2022-05-05,1650.7,1671.2,1633.0,1637.65,1707752.0
2022-05-06,1616.0,1633.0,1612.1,1622.45,1439520.0
2022-05-09,1607.55,1629.85,1591.25,1616.15,1400010.0
2022-05-10,1611.0,1629.6,1601.0,1607.95,1176030.0
2022-05-11,1600.5,1609.0,1557.35,1570.8,2988788.0
2022-05-12,1550.0,1554.95,1513.1,1526.15,3407191.0
2022-05-13,1530.0,1574.9,1502.0,1534.5,4328846.0
2022-05-16,1550.0,1567.5,1539.45,1542.9,1775914.0
2022-05-17,1545.0,1607.9,1545.0,1604.1,1608711.0
2022-05-18,1623.0,1623.0,1565.0,1572.5,2984009.0
2022-05-19,1550.0,1562.75,1540.35,1547.95,1798843.0
2022-05-20,1569.4,1613.45,1561.05,1610.1,2175224.0
2022-05-23,1629.0,1660.0,1605.6,1644.15,4177811.0
2022-05-24,1644.8,1653.7,1610.1,1626.3,1970395.0
2022-05-25,1633.0,1639.7,1571.1,1574.75,1417130.0
2022-05-26,1575.0,1588.9,1536.65,1564.55,3578710.0
2022-05-27,1575.2,1606.0,1574.0,1600.3,1279218.0
2022-05-30,1620.0,1663.7,1613.6,1660.85,2119326.0
2022-05-31,1660.5,1674.4,1645.0,1654.5,3534742.0
2022-06-01,1653.55,1661.0,1638.45,1648.0,1425466.0
2022-06-02,1632.0,1649.45,1623.7,1637.15,1852251.0
2022-06-03,1657.95,1673.7,1644.95,1652.05,2928263.0
2022-06-06,1652.15,1662.3,1634.1,1640.2,1538005.0
2022-06-07,1630.0,1638.4,1586.1,1589.45,2157491.0
2022-06-08,1595.0,1607.8,1570.1,1584.55,2122442.0
2022-06-09,1556.2,1600.0,1556.2,1595.1,1361104.0
2022-06-10,1570.0,1594.5,1569.05,1585.1,1337799.0
2022-06-13,1560.15,1565.95,1518.3,1532.05,2460367.0
2022-06-14,1532.05,1554.3,1525.2,1544.65,1983405.0
2022-06-15,1547.95,1567.0,1539.05,1560.35,1461683.0
2022-06-16,1568.4,1575.0,1516.75,1527.4,2329325.0
2022-06-17,1522.0,1529.95,1481.4,1489.95,4548572.0
2022-06-20,1490.0,1497.85,1456.35,1471.8,1837431.0
2022-06-21,1480.0,1515.2,1476.9,1500.3,1458922.0
2022-06-22,1490.0,1490.95,1468.0,1478.75,1906619.0
2022-06-23,1481.5,1511.75,1481.5,1494.3,1828491.0
2022-06-24,1501.75,1512.0,1489.0,1494.85,1731440.0
2022-06-27,1524.0,1544.7,1509.75,1535.8,2389778.0
2022-06-28,1530.0,1557.5,1524.1,1551.5,2072405.0
2022-06-29,1531.25,1554.0,1525.4,1547.9,1480197.0
